-- phpMyAdmin SQL Dump
-- version 3.4.3.2
-- http://www.phpmyadmin.net
--
-- Host: mysql.budanova.z8.ru:3306
-- Generation Time: Jul 19, 2013 at 02:47 AM
-- Server version: 5.0.77
-- PHP Version: 5.2.17

SET SQL_MODE="NO_AUTO_VALUE_ON_ZERO";
SET time_zone = "+00:00";


/*!40101 SET @OLD_CHARACTER_SET_CLIENT=@@CHARACTER_SET_CLIENT */;
/*!40101 SET @OLD_CHARACTER_SET_RESULTS=@@CHARACTER_SET_RESULTS */;
/*!40101 SET @OLD_COLLATION_CONNECTION=@@COLLATION_CONNECTION */;
/*!40101 SET NAMES utf8 */;

--
-- Database: `db_budanova_2`
--

-- --------------------------------------------------------

--
-- Table structure for table `babies`
--

CREATE TABLE IF NOT EXISTS `babies` (
  `id` int(10) unsigned NOT NULL auto_increment,
  `user_id` int(10) unsigned NOT NULL,
  `name` varchar(100) NOT NULL,
  `nickname` varchar(100) NOT NULL,
  `sex` tinyint(1) NOT NULL,
  `birth_date` date default NULL,
  `birth_time` time default NULL,
  `birth_place` varchar(100) default NULL,
  `photo` varchar(100) default NULL,
  `mother` varchar(100) default NULL,
  `father` varchar(100) default NULL,
  `weight` varchar(255) default NULL,
  `height` varchar(255) default NULL,
  `hair_type` int(1) default NULL,
  `hair_color` varchar(20) default NULL,
  `eye_color` varchar(20) default NULL,
  `doctor` varchar(100) default NULL,
  `birth_house` varchar(100) default NULL,
  `similar_to` varchar(100) default NULL,
  `alter_name` varchar(100) default NULL,
  `was_near` varchar(100) default NULL,
  `description` text,
  `medicine_info` text,
  PRIMARY KEY  (`id`),
  KEY `baby_user` (`user_id`)
) ENGINE=InnoDB  DEFAULT CHARSET=utf8 AUTO_INCREMENT=51 ;

--
-- Dumping data for table `babies`
--

INSERT INTO `babies` (`id`, `user_id`, `name`, `nickname`, `sex`, `birth_date`, `birth_time`, `birth_place`, `photo`, `mother`, `father`, `weight`, `height`, `hair_type`, `hair_color`, `eye_color`, `doctor`, `birth_house`, `similar_to`, `alter_name`, `was_near`, `description`, `medicine_info`) VALUES
(4, 2, 'Никита', 'Озерский', 0, '2012-05-11', '00:00:00', '', '510e61b68001d.jpg', 'Таня', 'Сергей', NULL, NULL, 0, '', '', '', NULL, '', '', '', '', NULL),
(5, 4, 'Алиса', 'Flower', 0, '2007-02-20', '22:00:00', 'Мурманск', '5113902e65842.jpg', 'Иванова Елена', 'Иванов Иван', NULL, NULL, 0, 'блондинка', 'карие', 'Иванов Иван Иванович', NULL, 'маму', '', 'акушерка', 'тутуту', 'все тест тетс тст'),
(6, 5, 'Иван', 'Ivan', 1, '2011-01-13', '10:45:00', 'киров', '512630929f5c4.jpg', 'Иванова Катя', 'Иванов Юра', NULL, NULL, 0, 'блондин', 'серый', 'тттт', NULL, 'папу', 'иии', 'папа', 'огого', NULL),
(7, 6, 'Алиса2', 'AlisaKoksharova', 1, '2011-01-13', '00:00:00', '', '5115556a6ca58.jpg', 'Буданова Анна', 'Кокшаров Дмитрий', NULL, NULL, 0, '', '', '', NULL, '', '', '', '', NULL),
(8, 7, 'Алиса3', 'Alisa3', 0, '2010-01-13', '00:00:00', '', '511557a7c0e72.jpg', 'Буданова Анна', 'Кокшаров Дмитрий', NULL, NULL, 0, '', '', '', NULL, '', '', '', '', NULL),
(9, 9, 'Артём', 'artem', 0, '2013-01-02', '00:00:00', '', '5131d2a926ed6.jpg', '', '', NULL, NULL, 0, '', '', '', NULL, '', '', '', '', NULL),
(10, 11, 'Алиса', 'Alisa', 0, '2011-07-15', '22:00:00', 'Санкт-Петербург', '512e6f4802c6f.jpg', 'Буданова Анна', 'Кокшаров Дмитрий', '3.750', '53', 0, 'русые', 'голубые', 'Тихонов Юрий Евгеньевич', NULL, 'на бабушку Галю Буданову', 'Карина', 'папа', 'все прошло хорошо ура\r\n', '<b style="font-family: Arial, Verdana;">Наша поликлиника&nbsp;</b><div style="font-family: Arial, Verdana; font-weight: normal;">Адрес Сестрорецк, Володарского, 24</div><div style="font-family: Arial, Verdana; font-weight: normal;">437-1760</div><div><font face="Arial"><span style="margin: 0px; padding: 0px; border: 0px; line-height: 18px; text-align: center; background-color: rgb(255, 255, 255);">Режим работы:</span><span style="font-weight: normal; color: rgb(98, 117, 89); line-height: 18px; text-align: center; background-color: rgb(255, 255, 255);">&nbsp;</span><span style="font-weight: normal; line-height: 18px; text-align: center; background-color: rgb(255, 255, 255);">пн - пт:&nbsp; 9.00 - 20.00, сб: 9.00 - 17.00</span></font></div><div style="font-family: Arial, Verdana;"><b>Наш педиатр </b>Хохлов Дмитрий Алексеевич</div><div style="font-family: Arial, Verdana; font-weight: normal;">тел 437-37-00<br><div><br></div></div>'),
(11, 12, 'Тимофей', 'Timka', 1, '2011-10-11', '07:59:00', 'Роддом №17', '512f54b7b053e.jpg', 'Татьяна', 'Андрей', NULL, NULL, 0, 'русые', 'Серо-зеленые', '', NULL, '', '', '', '', NULL),
(12, 10, 'Никита', 'Тёплый', 1, '2000-03-23', '00:00:00', '', NULL, '', '', NULL, NULL, 0, '', '', '', NULL, '', '', '', '', NULL),
(13, 16, 'Мария', 'Mary', 0, '2009-06-03', '00:00:00', '', NULL, '', '', NULL, NULL, 0, '', '', '', NULL, '', '', '', '', NULL),
(14, 17, 'Аэртон', 'Aerton', 1, '2010-09-26', '14:45:00', 'роддом №6 г. Санкт-Петербург', NULL, 'Наташа', 'Антон', NULL, NULL, 0, 'темные', 'голубые', '', NULL, '', '', '', '', NULL),
(15, 18, 'Светлана', 'svet', 0, '2012-03-06', '12:45:00', 'роддом №9', NULL, 'Елена', 'Игорь', NULL, NULL, 2, 'русый', 'карий', '', NULL, 'на папу', '', '', '', NULL),
(16, 19, 'Даша', 'Дашенька', 0, '2012-04-30', '10:05:00', 'Санкт-петербург', '51485d8603402.jpg', 'Юлия', 'Василий', NULL, NULL, 2, '', 'карие', '', NULL, 'на папу', ' Софья', '', '', NULL),
(17, 20, 'Лев', 'Lev', 1, '2011-12-15', '00:00:15', 'Санкт-Петербург, перинатальный центр им. Алмазова', '5148c7f0ca57b.jpg', 'Надежда', 'Евгений', NULL, NULL, 0, 'Русые', 'Серо-голубые', '', NULL, '', '', 'мама', '', NULL),
(18, 21, 'Егор', 'Егор', 1, '2012-01-08', '00:00:00', '', NULL, '', '', NULL, NULL, 0, '', '', '', NULL, '', '', '', '', NULL),
(19, 22, 'Илюша', 'kvin', 1, '2012-04-10', '16:25:00', 'Городской родильный дом №1 г. Чита, Забайкальский край', '515942dadf6a2.jpg', 'Света', 'Александр', NULL, NULL, 1, 'русый', 'зелёно-карие', '', NULL, 'на папу', '', '', '', NULL),
(20, 23, 'Виктория', 'Viktoria', 0, '2009-09-27', '00:00:00', 'г.Электросталь', NULL, 'Воробьева Анастасия', 'Воробьев Александр', NULL, NULL, 0, '', 'зеленые', '', NULL, '', '', '', '', NULL),
(21, 24, 'Мория', 'Мория', 0, '2012-11-08', '00:00:00', 'Израиль', '5167dc0134f62.jpg', 'Алёна', 'Денис', NULL, NULL, 0, 'Русый', 'серые', '', NULL, 'похожа на маму', '', 'Бабушка Света', '', NULL),
(22, 25, 'Дарья', 'Dasha', 0, '2012-02-19', '00:00:00', '', NULL, '', '', NULL, NULL, 0, '', '', '', NULL, '', '', '', '', NULL),
(23, 26, 'РРР', 'ЩЩ', 0, '2013-04-02', '00:00:00', '', NULL, '', '', NULL, NULL, 0, '', '', '', NULL, '', '', '', '', NULL),
(24, 28, '324', '4324', 0, '2013-04-11', '00:00:00', '', NULL, '', '24', '1.22', '', 0, '', '', '', NULL, '', '', '', '', NULL),
(25, 29, 'Денис', 'Дениска', 1, '2012-12-16', '09:20:00', 'петрозаводск', NULL, 'Ирина', 'Юрий', NULL, NULL, 0, 'светлые с рыжиной', 'голубые', 'Фокина Наталья (акушерка)', NULL, 'на Соню', '', '', '', NULL),
(26, 30, 'Юрочка', 'Юрочка', 1, '2013-03-12', '00:00:00', 'г. Иваново', NULL, 'Елена', 'Дмитрий', '3220', '50', 0, '', 'Голубой', '', NULL, '', '', '', '', NULL),
(27, 31, 'Давид', 'David', 1, '2013-05-11', '00:00:11', '', NULL, 'Вика', 'Виталий', '3', '85', 0, 'русый', 'зеленый', '', NULL, 'папу', '', 'папа', '', NULL),
(28, 33, 'Потап', 'olfera', 1, '2013-05-03', '00:00:00', 'г. Миасс', '51ad5f127373d.jpg', 'Ольга', 'Андрей', '3.87', '52', 0, 'русый', 'голубые', 'Бубновский', NULL, '', 'Мирон', '', '', NULL),
(29, 34, 'Лука', 'Luca', 1, '2012-12-25', '16:07:00', 'Москва', '51c35bf5cbcaa.jpg', 'Татьяна', 'Андрей Сергеевич', '4.560', '55', 0, 'Блондин', 'Синий', 'Утц Екатерина Георгиевна', NULL, 'На папу Андрея', '', 'Ангел-хранитель', '', NULL),
(30, 37, 'Ярослав', 'Ярослав', 0, '2010-04-11', '00:00:00', '', NULL, '', '', '', '', 0, '', '', '', NULL, '', '', '', '', NULL),
(31, 38, 'Эльдар', 'сынуля', 1, '2008-11-28', '11:04:00', 'Гатчина', '51cc2b8b8dd87.jpg', 'Анна', 'Ринат', '3.510', '51', 0, 'блондин', 'голубые', '', NULL, 'на мамулечку-красотулечку :)', 'Дарик, Эльдарчик', 'н-и-к-о-г-о, только медперсонал', '', NULL),
(32, 39, 'Варя', 'Varya', 0, '2011-05-22', '09:45:00', 'ВМА Санкт-Петербург', NULL, 'Юля', 'Дима', '3280', '53', 0, 'блонд', 'серо-зелёные', 'Козловский, Васильева Вера Петровна', NULL, 'на папу', 'Арина, Ваня', '', '', NULL),
(33, 41, 'Антон', 'Antowka', 1, '2013-06-20', '17:00:00', 'Уфа, кировский р-н, Роддом #4', NULL, 'Миля', 'Иван', '3500 ', '53 ', 0, 'русый', 'голубой', '', NULL, '', '', '', '', NULL),
(34, 42, 'Саша', 'Алекс', 1, '2009-06-13', '00:00:00', 'ЦПСиР, Москва', NULL, 'Маша', 'Максим', '3.970', '54', 0, 'Светло-русый', 'Каре-коричневые', 'Жукова Екатерина Валерьевна', NULL, 'Папа говорит на баклажан ;)', 'Санчо, Санеча', 'Врач, папа', 'Спустя 4 года, смутно - легко, спокойно, уверенно', NULL),
(35, 43, 'Карина', 'Глупыш', 0, '2020-03-20', '00:00:00', 'Малояз', NULL, 'Оксана', 'Ильгиз', '3197', '49', 0, 'Русые', 'Серые', 'Шайхуллин Р.Н', NULL, 'На папу...', 'Кариша', '', 'Она улыбалась с первой минуты своего появления на этот свет!', 'Небольшой мышечный тонус....<div>Родились с желтушкой и пневмонией....</div>'),
(36, 45, 'Амина', 'Amina', 0, '2013-03-16', '00:00:11', 'г. Уфа, роддом № 4', NULL, 'Зульфия', 'Винер', '3600', '50', 0, 'Каштановые', 'Темно-серые', 'врач Гульнара Бариевна и акушерка Гузель', NULL, 'На папу', 'Малика, Адель', 'врачи', '', NULL),
(37, 44, 'Таир', 'Таирушка - вкусняшечка', 1, '2013-03-05', '08:00:00', 'г. Уфа', NULL, 'Алия', 'Денис', '3085', '51', 0, 'Темные', 'Карие', '', NULL, 'На папу', 'Не было. Выбрали имя единогласно ', 'Медперсонал', 'Я был маленьким сюрпризиком для родственников и друзей! Было очень много звонков и сообщений с восторженными поздравлениями! Родился в АО ГКБ № 3 (Дема). ', NULL),
(38, 46, 'Софья', 'Софи', 0, '2012-08-02', '00:00:00', '', '51dfdcbb35ac0.jpg', 'Анна', 'Игорь', '2.75', '50', 0, 'светло-русый', 'Зеленый', '', NULL, 'на папу', 'Сонечка, Софьюшка', '', '', NULL),
(39, 47, 'Гордей', 'Гордюша', 1, '2013-04-26', '00:00:16', '', NULL, '', '', '3660', '50', 0, '', 'серые', '', NULL, '', '', '', '', NULL),
(40, 48, 'АРТЕМ', 'АРТЕМ', 1, '2013-01-02', '00:00:11', 'Г.КАЛУГА', NULL, 'НАТАЛЬЯ', 'ДМИТРИЙ', '3620', '53', 0, 'СВЕТЛЫЕ', 'ГОЛУБЫЕ', 'КАЗАРЯН БОРИС ВАРШУЛОВИЧ', NULL, 'НА ПАПУ', '', '', '', NULL),
(41, 49, 'Максим', 'Макс', 1, '2013-03-20', '00:00:19', 'г. Мурманск', NULL, 'Ирина', 'Сергей', '4300', '57', 0, 'Русые', 'Синие', 'Мальцев Д.И.', NULL, '', '', '', '', NULL),
(42, 50, 'София', 'Medullka', 0, '2026-03-20', '21:40:00', 'г.Тюмень, 3 роддом', NULL, 'Олеся', 'Станислав', '2700', '52 ', 0, 'русый', 'Голубой', 'Ташладзе Русико', NULL, 'на папу', 'Полина', 'папа', 'Роды начались ночью, в 3 часа ночи были схватки с интервалом 4-5 минут, не торопясь я начала собираться, к 6 часам проснулся муж и мы вместе поехали с ним в роддом (на машине до роддома 2 минуты езды). Приняли нас в роддоме, отправились на второй этаж и в родовой мы были уже в 7 утра. Далее в 9 утра прокололи пузырь, позавтракала (каша с хлебом, сыром и какао), шейка матки не раскрываалась, стали стимулировать, поставили окситоцин, начались больные схватки, интервал также 4 минуты, обезолили промедолом, на полчасика стало полегче.  Устала, схватки невыносимо больные. Затем стали стимулировать эпидуральной анестезией, где то в 21 может раньше, начались потуги....ууу. Ну и родились мы в 21:40, 52 см и 2700 кг, мааааленькие, красивенькие). Первые мои слова :"Какая красииивая"))) Затем позвали папу, а он подглядывал уже) На самих непосредственно родах его не было, я пожелала сделать это сама ) Вот такие вот роды, честно, я ожидала худшего. За вторым готова идти была сразу))', 'Детская поликлиника №5, Федюнинского 5а. Врач Вера Леонидовна Шнайдер. Прием вт и чт'),
(43, 51, 'Маруся', 'Маруся', 0, '2013-04-14', '00:00:00', 'Роддом при 72 ГКБ Москва ', NULL, 'Алина', 'Александр', '2.520', '49', 0, 'Русый', '', '', NULL, '', '', '', '', NULL),
(44, 52, 'Илюша', 'Гынечка', 1, '2013-01-07', '00:00:00', 'Родильный дом №3', '51dff179a5080.jpg', 'Наталья', 'Антон', '4200', '56', 0, 'Русые', 'Голубые', '', NULL, '', '', '', '', NULL),
(45, 53, 'Александра', 'Sashula', 0, '2013-04-08', '09:45:00', 'Роддом № 18', '51dffcf44c107.jpg', 'Екатерина', 'Георгий', '3200', '', 0, 'светло русые', 'голубые', '', NULL, 'на папочку)', '', '', '', NULL),
(46, 54, 'Даниил', 'Даниил', 1, '2013-04-03', '19:25:00', 'г. Боровичи', NULL, 'Мария', 'Александр', '3890', '57', 2, 'каштановые', 'серые', 'Зотова', NULL, '', '', '', '', NULL),
(47, 55, 'Эла ', 'Элош', 0, '2011-07-06', '23:25:00', 'г. Санкт-Петербург, родильный дом №6', NULL, 'Ольга', 'Эмин', '3.5', '53 ', 0, 'Русые', 'Темно-карий', 'Коробков Николай Александрович', NULL, '', '', 'Мед. персонал и папа', '', NULL),
(48, 56, 'Эмилия', 'Emily', 0, '2013-04-09', '00:00:09', '', NULL, 'Владислава', 'Давид', '3096 ', '50 ', 0, 'Светло русые', 'Синие', '', NULL, 'На папу', '', 'Папа', 'Родилась за 15 мин. 9/9 по Апгар', NULL),
(49, 57, 'Николай', 'Николя', 1, '2013-03-30', '15:10:00', 'Г Балашиха', NULL, 'Я', 'Давыдов Денис Викторович', '3330', '50', 0, 'Темно-русый', 'Серый', 'Харитонов', NULL, 'Папа', '', '', '', NULL),
(50, 58, 'Анна', 'Anna', 0, '2012-04-13', '13:35:00', 'Кронштадт', '51e15b60c9fdd.jpg', 'Ольга', 'Сергей', '3660', '53', 0, 'темно-русый', 'темно-серый', '', NULL, 'на папу', '', '', '', '12.10.2012 упала с дивана<br>');

-- --------------------------------------------------------

--
-- Table structure for table `baby_feeds`
--

CREATE TABLE IF NOT EXISTS `baby_feeds` (
  `id` int(10) unsigned NOT NULL auto_increment,
  `baby_id` int(11) unsigned NOT NULL,
  `date` date NOT NULL,
  `text` text NOT NULL,
  PRIMARY KEY  (`id`),
  KEY `baby_key` (`baby_id`)
) ENGINE=InnoDB  DEFAULT CHARSET=utf8 AUTO_INCREMENT=12 ;

--
-- Dumping data for table `baby_feeds`
--

INSERT INTO `baby_feeds` (`id`, `baby_id`, `date`, `text`) VALUES
(1, 10, '2013-03-09', 'Алиса любит есть орешки и сухофрукты. Очень нравится есть урюк и доставать косточку из него. Потом вместе с папой стучат молотком и достают орех из косточки. Алиса с удовольствием съедает.'),
(2, 10, '2011-12-26', 'Алиса 5 мес 11 дней 14.00 - начало первого прикорма.Начали с овощей. Разморозили кабачок. Майя Ряскина дала свой кабачок с огорода, мы его порезали и заморозили. Мама приготовила на пару (25 мин). Растолчила ложечкой в пюре. Начала даватьс одной чайной ложки. У Алиса ложка tupperware, подарила бабушка на Новый год. Посадили Алису в кресло-качалку Graco и Алиса съела ложечку кабачка. Съела с удивлением, но без улыбки. Немного попукала во время вечернего купания.'),
(3, 10, '2012-01-06', 'Алисе 5 мес 21 дней. 14.00. Алиса последние 2 дня кушает 1/2 баночки (около 60мл). Кушает кабачок с цветной капустой. Папа заметил, что если начинать кормить с песенкой, то слушает и кушает хорошо (практически не плюется). Песенки Папы - Антошка и Мы едем, едем. Плохо кушает сегодня, из-за зубиков.'),
(4, 10, '2013-05-01', 'Алиса попробовала финское мороженое пингвин'),
(5, 28, '2013-06-04', 'Роддом, кормление смесью.\r\nДома до 3х недель Кормление грудью по требованию. \r\nДалее прикорм смесью 2 раза в день'),
(6, 29, '2013-06-09', 'Я попробовал белый хлеб с кунжутом в Греческом ресторане ole-ole на острове Закинф. Было необычно! Мне понравилось! Отказываюсь есть левую грудь, мама переживает-размер груди визуально сильно отличается!))))'),
(7, 37, '2013-03-05', 'В 10.30ч. я впервые попробовал первые вкусные и полезные капли молозива! Долго и упорно учился правильно сосать. Мне молозиво очень понравилось, кушал довольно таки часто))'),
(8, 37, '2013-03-08', 'У мамочки появилось очень много молока! Я ел по чуть-чуть и часто. Остальное молочко мамочке приходилось сцеживать и выливать, так как я не успевал все съедать'),
(9, 37, '2013-04-20', 'С этой ночи промежуток между ночным кормлением увеличился на 4 часа (с 2 до 6ч.). Так уж и быть, пусть мои любимые родители чуть-чуть поспят!'),
(10, 37, '2013-07-01', 'Жара на улице! Десна зудят! Днем кушаю по чуть-чуть, а иногда и вовсе отказываюсь от молочка, но мой вес исправно ползет вверх! '),
(11, 42, '2013-07-12', 'с рождения на грудном вскрамливании по требованию');

-- --------------------------------------------------------

--
-- Table structure for table `baby_heights`
--

CREATE TABLE IF NOT EXISTS `baby_heights` (
  `id` int(10) unsigned NOT NULL auto_increment,
  `baby_id` int(10) unsigned NOT NULL,
  `month` int(2) NOT NULL,
  `value` float NOT NULL,
  PRIMARY KEY  (`id`),
  KEY `baby_height` (`baby_id`)
) ENGINE=InnoDB  DEFAULT CHARSET=utf8 AUTO_INCREMENT=128 ;

--
-- Dumping data for table `baby_heights`
--

INSERT INTO `baby_heights` (`id`, `baby_id`, `month`, `value`) VALUES
(1, 10, 20, 79),
(2, 10, 18, 78.5),
(3, 10, 1, 56),
(4, 10, 2, 62),
(5, 10, 3, 65),
(6, 10, 4, 66),
(7, 10, 5, 67),
(8, 10, 6, 68),
(9, 10, 7, 70),
(10, 10, 8, 73),
(11, 10, 9, 74),
(12, 10, 10, 74),
(13, 10, 11, 74),
(14, 10, 12, 77),
(15, 10, 19, 79.5),
(16, 10, 17, 79),
(17, 12, 1, 100),
(18, 12, 2, 200),
(19, 12, 3, 300),
(20, 16, 1, 54),
(21, 16, 2, 56),
(22, 16, 5, 66),
(23, 16, 3, 59),
(24, 16, 4, 62),
(25, 16, 6, 66),
(26, 16, 7, 69),
(27, 16, 9, 71),
(28, 10, 21, 81.5),
(29, 15, 1, 55),
(30, 15, 2, 58.5),
(31, 15, 3, 63),
(32, 15, 4, 65),
(33, 15, 5, 68),
(34, 15, 6, 68),
(35, 15, 7, 69),
(36, 15, 9, 72),
(37, 15, 12, 75),
(38, 25, 1, 60),
(39, 25, 3, 68),
(40, 10, 22, 82.5),
(41, 26, 1, 54),
(42, 26, 2, 55),
(43, 28, 1, 55),
(44, 29, 1, 55),
(45, 29, 3, 64.5),
(46, 11, 1, 59),
(47, 11, 2, 62),
(48, 11, 3, 63),
(49, 11, 4, 66),
(50, 11, 5, 68),
(51, 11, 6, 69),
(52, 11, 7, 72),
(53, 11, 8, 73),
(54, 11, 9, 77),
(55, 11, 30, 84.5),
(56, 11, 10, 77),
(57, 11, 11, 79.5),
(58, 11, 12, 82),
(59, 11, 13, 82.5),
(60, 11, 14, 83),
(61, 11, 15, 83.5),
(62, 11, 16, 83.7),
(63, 11, 17, 84.3),
(64, 11, 18, 85),
(65, 11, 20, 85),
(66, 34, 48, 109),
(67, 29, 6, 68.5),
(68, 35, 1, 49),
(69, 35, 2, 54),
(70, 35, 3, 62),
(71, 37, 1, 55),
(72, 37, 2, 59),
(73, 37, 3, 62),
(74, 37, 4, 63),
(75, 29, 4, 65),
(76, 39, 1, 54),
(77, 39, 2, 58),
(78, 11, 21, 86),
(79, 38, 1, 52),
(80, 38, 2, 56),
(81, 38, 3, 60),
(82, 38, 4, 63),
(83, 38, 6, 65),
(84, 38, 5, 64),
(85, 38, 7, 67),
(86, 38, 8, 70),
(87, 38, 9, 72),
(88, 38, 10, 73),
(89, 38, 11, 74),
(90, 41, 1, 58),
(91, 41, 2, 62),
(92, 41, 3, 65),
(93, 42, 2, 59),
(94, 42, 3, 65),
(95, 44, 1, 57),
(96, 44, 2, 62),
(97, 44, 3, 64),
(98, 44, 4, 66),
(99, 44, 5, 67),
(100, 44, 6, 69),
(101, 46, 1, 57),
(102, 46, 3, 63),
(103, 47, 1, 54),
(104, 47, 3, 62),
(105, 47, 6, 68),
(106, 47, 7, 69.5),
(107, 47, 8, 71),
(108, 47, 9, 73),
(109, 47, 12, 75),
(110, 47, 18, 80),
(111, 47, 24, 89),
(112, 49, 1, 55),
(113, 49, 2, 60),
(114, 49, 3, 66),
(115, 10, 24, 83),
(116, 50, 1, 56),
(117, 50, 2, 59),
(118, 50, 3, 63),
(119, 50, 4, 65),
(120, 50, 5, 67),
(121, 50, 6, 68),
(122, 50, 7, 68),
(123, 50, 9, 72),
(124, 50, 12, 78),
(125, 50, 8, 70),
(126, 50, 10, 73),
(127, 50, 11, 75);

-- --------------------------------------------------------

--
-- Table structure for table `baby_medical_records`
--

CREATE TABLE IF NOT EXISTS `baby_medical_records` (
  `id` int(10) unsigned NOT NULL auto_increment,
  `baby_id` int(11) unsigned NOT NULL,
  `date` date NOT NULL,
  `text` text NOT NULL,
  PRIMARY KEY  (`id`),
  KEY `baby_medical_record` (`baby_id`)
) ENGINE=InnoDB  DEFAULT CHARSET=utf8 AUTO_INCREMENT=11 ;

--
-- Dumping data for table `baby_medical_records`
--

INSERT INTO `baby_medical_records` (`id`, `baby_id`, `date`, `text`) VALUES
(1, 6, '2013-02-20', 'грипп'),
(2, 10, '2013-03-13', 'Алиса подхватила вирус, идут сопли, небольшая температурка, капаю отривин,капризничает'),
(3, 10, '2013-04-01', 'Аллергия на грушевый сок, появились пятнышки на щеках'),
(4, 10, '2013-05-18', 'Покусали комары, когда мы гуляли в парке. Алиса очень расчесала. Намазали Фенистилом.'),
(5, 42, '2013-06-14', 'Ветрянка! Первый прыщик появился на головке'),
(6, 42, '2013-06-20', 'Одолели ветрянку, новые бобочки не появляются. Вся зеленаяяя, как лягуха'),
(7, 42, '2013-07-09', 'педиатр, прием, вес рост 65 см, 6350 кг'),
(8, 42, '2013-07-10', 'узи головного мозга, брюшной полости и тазобедренных суставов. Все в норме, родничок хороший, суставы зрелые.'),
(9, 42, '2013-07-10', 'лор 12:24 Ходили без папы, тяжеловато, у врача не пискнула(все в норме кстати), зато потом, как положила в коляску залилась, пришлось тащить в одной руке Софию в другой коляску...Слава Богу поликлиника рядом с домом)'),
(10, 50, '2012-10-08', 'заболела ОРВИ');

-- --------------------------------------------------------

--
-- Table structure for table `baby_teeth`
--

CREATE TABLE IF NOT EXISTS `baby_teeth` (
  `id` int(10) unsigned NOT NULL auto_increment,
  `baby_id` int(11) unsigned NOT NULL,
  `tooth_1` date default NULL,
  `tooth_2` date default NULL,
  `tooth_3` date default NULL,
  `tooth_4` date default NULL,
  `tooth_5` date default NULL,
  `tooth_6` date default NULL,
  `tooth_7` date default NULL,
  `tooth_8` date default NULL,
  `tooth_9` date default NULL,
  `tooth_10` date default NULL,
  `tooth_11` date default NULL,
  `tooth_12` date default NULL,
  `tooth_13` date default NULL,
  `tooth_14` date default NULL,
  `tooth_15` date default NULL,
  `tooth_16` date default NULL,
  `tooth_17` date default NULL,
  `tooth_18` date default NULL,
  `tooth_19` date default NULL,
  `tooth_20` date default NULL,
  PRIMARY KEY  (`id`),
  KEY `baby_teeth` (`baby_id`)
) ENGINE=InnoDB  DEFAULT CHARSET=utf8 AUTO_INCREMENT=28 ;

--
-- Dumping data for table `baby_teeth`
--

INSERT INTO `baby_teeth` (`id`, `baby_id`, `tooth_1`, `tooth_2`, `tooth_3`, `tooth_4`, `tooth_5`, `tooth_6`, `tooth_7`, `tooth_8`, `tooth_9`, `tooth_10`, `tooth_11`, `tooth_12`, `tooth_13`, `tooth_14`, `tooth_15`, `tooth_16`, `tooth_17`, `tooth_18`, `tooth_19`, `tooth_20`) VALUES
(2, 5, NULL, NULL, NULL, NULL, NULL, NULL, NULL, NULL, NULL, NULL, NULL, NULL, NULL, '2013-02-06', NULL, NULL, NULL, NULL, NULL, NULL),
(3, 6, NULL, NULL, NULL, NULL, NULL, NULL, NULL, NULL, NULL, NULL, NULL, NULL, NULL, NULL, NULL, NULL, NULL, NULL, NULL, NULL),
(4, 4, NULL, NULL, NULL, NULL, NULL, NULL, NULL, NULL, NULL, NULL, NULL, NULL, NULL, NULL, NULL, NULL, NULL, NULL, NULL, NULL),
(5, 10, '2012-04-07', '2012-04-23', '2012-05-09', '2012-06-15', '2012-09-28', '2012-09-28', '2012-08-15', '2012-08-15', NULL, '2013-05-11', NULL, NULL, '2012-08-15', '2012-08-15', '2012-10-15', '2012-10-15', '2012-06-01', '2012-09-15', '2012-01-06', '2012-01-06'),
(6, 14, NULL, NULL, NULL, NULL, NULL, NULL, NULL, NULL, NULL, NULL, NULL, NULL, NULL, NULL, NULL, NULL, NULL, NULL, NULL, NULL),
(7, 11, '2012-07-24', '2012-07-11', '2012-08-16', '2012-08-30', '2013-05-02', '2013-05-02', NULL, NULL, NULL, NULL, NULL, NULL, NULL, NULL, '2013-06-06', '2013-04-23', NULL, NULL, '2012-05-18', '2012-05-08'),
(8, 15, '2012-10-11', '2012-10-18', '2012-11-10', '2012-11-23', NULL, NULL, '2013-04-12', NULL, NULL, NULL, NULL, NULL, '2013-04-08', NULL, NULL, NULL, '2013-01-04', '2013-02-15', '2012-08-15', '2012-08-15'),
(9, 16, '2012-11-02', '2012-11-08', '2012-12-07', '2012-12-13', NULL, NULL, '2013-05-06', '2013-04-29', NULL, NULL, NULL, NULL, '2013-04-11', NULL, NULL, NULL, '2012-11-30', '2012-12-19', '2012-11-15', '2012-11-22'),
(10, 20, NULL, NULL, NULL, NULL, NULL, NULL, NULL, NULL, NULL, NULL, NULL, NULL, NULL, NULL, NULL, NULL, NULL, NULL, NULL, NULL),
(11, 22, NULL, NULL, NULL, NULL, NULL, NULL, NULL, NULL, NULL, NULL, NULL, NULL, NULL, NULL, NULL, NULL, NULL, NULL, NULL, '2013-04-08'),
(12, 26, NULL, NULL, NULL, NULL, NULL, NULL, NULL, NULL, NULL, NULL, NULL, NULL, NULL, NULL, NULL, NULL, NULL, NULL, NULL, NULL),
(13, 18, NULL, NULL, NULL, NULL, NULL, NULL, NULL, NULL, NULL, NULL, NULL, NULL, NULL, NULL, NULL, NULL, NULL, NULL, NULL, NULL),
(14, 28, NULL, NULL, NULL, NULL, NULL, NULL, NULL, NULL, NULL, NULL, NULL, NULL, NULL, NULL, NULL, NULL, NULL, NULL, NULL, NULL),
(15, 29, NULL, NULL, NULL, NULL, NULL, NULL, NULL, NULL, NULL, NULL, NULL, NULL, NULL, NULL, NULL, NULL, NULL, NULL, '2013-07-11', '2013-07-11'),
(16, 32, NULL, NULL, NULL, NULL, NULL, NULL, NULL, NULL, NULL, NULL, NULL, NULL, NULL, NULL, NULL, NULL, NULL, NULL, NULL, NULL),
(17, 35, NULL, NULL, NULL, NULL, NULL, NULL, NULL, NULL, NULL, NULL, NULL, NULL, NULL, NULL, NULL, NULL, NULL, NULL, NULL, NULL),
(18, 37, NULL, NULL, NULL, NULL, NULL, NULL, NULL, NULL, NULL, NULL, NULL, NULL, NULL, NULL, NULL, NULL, NULL, NULL, NULL, NULL),
(19, 40, NULL, NULL, NULL, NULL, NULL, NULL, NULL, NULL, NULL, NULL, NULL, NULL, NULL, NULL, NULL, NULL, NULL, NULL, NULL, NULL),
(20, 38, '2013-07-01', '2013-07-06', NULL, NULL, NULL, NULL, NULL, NULL, NULL, NULL, NULL, NULL, NULL, NULL, NULL, NULL, NULL, NULL, '2013-03-10', '2013-03-12'),
(21, 41, NULL, NULL, NULL, NULL, NULL, NULL, NULL, NULL, NULL, NULL, NULL, NULL, NULL, NULL, NULL, NULL, NULL, NULL, NULL, NULL),
(22, 42, NULL, NULL, NULL, NULL, NULL, NULL, NULL, NULL, NULL, NULL, NULL, NULL, NULL, NULL, NULL, NULL, NULL, NULL, NULL, NULL),
(23, 43, NULL, NULL, NULL, NULL, NULL, NULL, NULL, NULL, NULL, NULL, NULL, NULL, NULL, NULL, NULL, NULL, NULL, NULL, NULL, NULL),
(24, 44, NULL, NULL, NULL, NULL, NULL, NULL, NULL, NULL, NULL, NULL, NULL, NULL, NULL, NULL, NULL, NULL, NULL, NULL, NULL, NULL),
(25, 46, NULL, NULL, NULL, NULL, NULL, NULL, NULL, NULL, NULL, NULL, NULL, NULL, NULL, NULL, NULL, NULL, NULL, NULL, NULL, NULL),
(26, 47, NULL, NULL, NULL, NULL, NULL, NULL, NULL, NULL, NULL, NULL, NULL, NULL, NULL, NULL, NULL, NULL, NULL, NULL, NULL, NULL),
(27, 50, '2013-02-13', '2013-02-13', '2013-04-01', '2013-04-06', NULL, NULL, '2013-06-16', '2013-06-18', NULL, NULL, NULL, NULL, '2013-07-07', '2013-07-14', NULL, NULL, '2013-04-10', '2013-04-08', '2012-11-12', '2012-12-08');

-- --------------------------------------------------------

--
-- Table structure for table `baby_vaccinations`
--

CREATE TABLE IF NOT EXISTS `baby_vaccinations` (
  `id` int(10) unsigned NOT NULL auto_increment,
  `baby_id` int(11) unsigned NOT NULL,
  `date` date NOT NULL,
  `name` varchar(100) NOT NULL,
  `description` text,
  PRIMARY KEY  (`id`),
  KEY `baby_vaccinations` (`baby_id`)
) ENGINE=InnoDB  DEFAULT CHARSET=utf8 AUTO_INCREMENT=11 ;

--
-- Dumping data for table `baby_vaccinations`
--

INSERT INTO `baby_vaccinations` (`id`, `baby_id`, `date`, `name`, `description`) VALUES
(1, 6, '2013-02-20', 'акдс', 'трприрп'),
(2, 10, '2013-02-27', 'Инфанрикс', 'Последняя прививка из серии против коклюша, дифтерии и столбняка. Делали около 13.00. Перенесла без температуры. Вечером уже ходили гулять. Небольшое покраснение в области укола и припухлость'),
(4, 10, '2012-03-01', 'реакция Манту', 'IE 10/4 0.025 серия 92. Необходимо сделать БЦЖ-М в течении 2х недель'),
(5, 10, '2012-03-15', 'БЦЖ-М', 'Сделали первую прививку. Алисе не понравилось, что ее держали. Но это было необходимо, так как это подкожная прививка на руке. Перенесла хорошо. '),
(6, 37, '2013-03-05', 'Гепатит B', 'Моя первая вакцинация в ножку. Было больно, но я плакал не долго!'),
(7, 37, '2013-03-08', 'БЦЖ', 'Сделали в левую ручку. Я потом долго спал под лучиками яркого, весеннего солнышка'),
(8, 37, '2013-04-09', 'Гепатит B', 'Вторая вакцинация. Сделала мне ее в детской поликлинике № 3 старая строгая тетя, но мамочка и няняйка с татайкой меня быстро успокоили'),
(9, 37, '2013-06-04', 'АКДС', 'Очень болючая прививка. Молодая тетя-медсестра громко и ласково со мной разговаривала. Я ее слушал и почти забыл про укольчик'),
(10, 37, '2013-06-04', 'Полиомиелит', 'Вкололи во вторую ножку. Испачкали белый костюмчик кровью. Плакал долго и много. Я даже на маму обиделся. Она потом давала мне сироп Нурофен и таблеточки Супрастин, по совету педиатра. Температура не поднималась. ');

-- --------------------------------------------------------

--
-- Table structure for table `baby_weights`
--

CREATE TABLE IF NOT EXISTS `baby_weights` (
  `id` int(10) unsigned NOT NULL auto_increment,
  `baby_id` int(10) unsigned NOT NULL,
  `month` int(2) NOT NULL,
  `value` float NOT NULL,
  PRIMARY KEY  (`id`),
  KEY `baby_weight` (`baby_id`)
) ENGINE=InnoDB  DEFAULT CHARSET=utf8 AUTO_INCREMENT=125 ;

--
-- Dumping data for table `baby_weights`
--

INSERT INTO `baby_weights` (`id`, `baby_id`, `month`, `value`) VALUES
(1, 10, 20, 11.2),
(2, 10, 1, 4.5),
(3, 10, 2, 6.02),
(4, 10, 3, 7.45),
(5, 10, 4, 7.84),
(6, 10, 5, 8.04),
(7, 10, 6, 8.26),
(8, 10, 7, 8.3),
(9, 10, 8, 8.67),
(10, 10, 9, 8.9),
(11, 10, 10, 9.5),
(12, 10, 11, 9.55),
(13, 10, 12, 9.67),
(14, 10, 19, 11.2),
(15, 10, 17, 10.8),
(16, 11, 1, 4.26),
(17, 12, 1, 3),
(18, 16, 1, 3.86),
(19, 16, 3, 6.44),
(20, 16, 2, 5.412),
(21, 16, 6, 8.22),
(22, 16, 4, 7.29),
(23, 16, 5, 8.07),
(24, 16, 7, 8.7),
(25, 16, 9, 10.12),
(26, 15, 1, 4.5),
(27, 15, 2, 5.388),
(28, 15, 3, 6.74),
(29, 15, 4, 7.08),
(30, 15, 5, 7.105),
(31, 15, 6, 7.72),
(32, 15, 7, 7.795),
(33, 15, 9, 8.78),
(34, 15, 12, 9.69),
(35, 25, 1, 6.4),
(36, 25, 2, 8.2),
(37, 25, 3, 9.4),
(38, 25, 4, 10.35),
(39, 26, 1, 4.02),
(40, 26, 2, 5.2),
(41, 28, 1, 4.3),
(42, 29, 2, 5.4),
(43, 29, 3, 6),
(44, 29, 4, 6.25),
(45, 29, 5, 7.02),
(46, 29, 6, 7.85),
(47, 11, 2, 5.26),
(48, 11, 3, 6.32),
(49, 11, 4, 7.26),
(50, 11, 5, 7.79),
(51, 11, 6, 8.22),
(52, 11, 7, 8.57),
(53, 11, 8, 8.85),
(54, 11, 9, 9.68),
(55, 11, 10, 10.5),
(56, 11, 11, 10.23),
(57, 11, 12, 10.3),
(58, 11, 13, 10.41),
(59, 11, 15, 10.81),
(60, 11, 16, 10.99),
(61, 11, 17, 11.24),
(62, 11, 14, 10.46),
(63, 11, 18, 11.56),
(64, 11, 20, 11.56),
(65, 29, 1, 4.6),
(66, 35, 1, 3197),
(67, 35, 2, 4200),
(68, 35, 3, 6000),
(69, 37, 1, 4900),
(70, 37, 2, 6100),
(71, 37, 3, 7000),
(72, 37, 4, 7800),
(73, 38, 1, 3.8),
(74, 38, 2, 4.6),
(75, 39, 1, 1),
(76, 39, 2, 1),
(77, 11, 21, 11.3),
(78, 38, 3, 5.6),
(79, 38, 4, 6.2),
(80, 38, 5, 6.6),
(81, 38, 6, 6.9),
(82, 38, 7, 7.5),
(83, 38, 8, 8.2),
(84, 38, 9, 8.5),
(85, 38, 10, 8.6),
(86, 38, 11, 9.2),
(87, 41, 1, 5.4),
(88, 41, 2, 6.7),
(89, 41, 3, 7.6),
(90, 42, 2, 5100),
(91, 42, 3, 6400),
(92, 43, 1, 3100),
(93, 43, 2, 4.3),
(94, 44, 1, 4.6),
(95, 44, 2, 5.5),
(96, 44, 3, 5.6),
(97, 44, 4, 6.4),
(98, 44, 5, 7.1),
(99, 44, 6, 7.7),
(100, 45, 2, 5100),
(101, 46, 1, 5.2),
(102, 46, 2, 6.4),
(103, 46, 3, 7.3),
(104, 47, 1, 4.4),
(105, 47, 3, 5.98),
(106, 47, 6, 7.35),
(107, 47, 7, 7.8),
(108, 47, 8, 8.2),
(109, 47, 9, 8.23),
(110, 47, 12, 8.8),
(111, 47, 18, 10.7),
(112, 47, 24, 12),
(113, 50, 1, 3.6),
(114, 50, 2, 5.1),
(115, 50, 3, 6),
(116, 50, 4, 6.5),
(117, 50, 5, 7),
(118, 50, 6, 7.5),
(119, 50, 7, 8),
(120, 50, 9, 8.6),
(121, 50, 12, 10.6),
(122, 50, 8, 8.2),
(123, 50, 10, 9.2),
(124, 50, 11, 10);

-- --------------------------------------------------------

--
-- Table structure for table `diary`
--

CREATE TABLE IF NOT EXISTS `diary` (
  `id` int(10) unsigned NOT NULL auto_increment,
  `baby_id` int(11) unsigned NOT NULL,
  `date` date NOT NULL,
  `title` varchar(255) NOT NULL,
  `text` text NOT NULL,
  `photo` varchar(50) default NULL,
  `milestones` varchar(1000) default NULL,
  `custom_milestone` varchar(255) default NULL,
  PRIMARY KEY  (`id`),
  KEY `baby_diary` (`baby_id`)
) ENGINE=InnoDB  DEFAULT CHARSET=utf8 AUTO_INCREMENT=141 ;

--
-- Dumping data for table `diary`
--

INSERT INTO `diary` (`id`, `baby_id`, `date`, `title`, `text`, `photo`, `milestones`, `custom_milestone`) VALUES
(9, 4, '2013-02-01', '312', '132', NULL, '', ''),
(10, 6, '2013-02-20', 'первые слова', 'татат', '5124bed741347.jpg', '44', ''),
(11, 10, '2013-03-04', 'новая сказка - муха', 'Алиса все время перед сном просит рассказать ей сказку. Обычно это Баба т.е. Курочка Ряба. Сегодня меня попросила рассказать Муха. Видно папина сказка на нее подействовала. Так что пришлось вспоминать.', NULL, '44', ''),
(12, 10, '2013-03-03', 'в гости к Маше и Гале', 'Мы ездили в гости к Гале и Маше и Жене. Алиса очень хорошо играла с Машей, они катались на горке, укладывали спать игрушки', NULL, '60', ''),
(13, 11, '2013-03-09', 'Купили новые сандали!', 'Решила что Тимон вырос и пора менять обувь,купила 23 размер....Промахнулась....Все же он ещё маленький )))Надо брать меньше!!!!', NULL, '', ''),
(14, 10, '2012-11-18', 'первые слова', '<span style="font-family: arial, verdana, sans-serif; font-size: 12px; line-height: 16px; background-color: rgb(255, 255, 255);">Алиса говорит купаться и кататься</span>', NULL, '44', ''),
(15, 10, '2012-07-17', 'Играем в пазлы', '<span style="font-family: arial, verdana, sans-serif; font-size: 12px; line-height: 16px; background-color: rgb(255, 255, 255);">Алиса очень хорошо собирает пазлы.причем она делает это осознано с пониманием дела.я ее спрашиваю,алиса,где живет корова,а она сначала смотри на фигурку а потом на место,куда ставить.собирает без ошибки</span>', '513b97524111a.jpg', '', 'Игры'),
(16, 10, '2012-07-11', 'наши будни', '<p style="margin: 12px 0px 18px; padding: 0px; border: 0px; outline: 0px; font-size: 12px; font-family: arial, verdana, sans-serif; vertical-align: baseline; background-color: rgb(255, 255, 255); line-height: 16px;">Сегодня поехали с Алисой в бассейн в Репино. Я купила абонемент на 3 занятия. Алиса перестала в ванной плавать, сейчас ей больше нравится под душем мыться. Нырять тоже отказывается. Поехала в бассейн, чтобы хоть немножко поплавать, чтобы Алиса не забыла, чему ее папа учил весь год. Приехали рано, так что в бассейне мы были сначала одни. Как только мы зашли в воду Алиса начала барахтаться. Потом мы прыгали с бортика, я сажала Алису на край и она прыгала ко мне. Один раз я ее не поймала и очень испугалась, быстро поймала под водой, Алиса не испугалась и задержала дыхание. Потом я посадила ее на ступеньку и звала, чтобы она ныряла. Алиса проплыла под водой 5 раз, больше не хотела и сбегала от меня. Надо срочно покупать резиновые шлепки.</p><p style="margin: 12px 0px 18px; padding: 0px; border: 0px; outline: 0px; font-size: 12px; font-family: arial, verdana, sans-serif; vertical-align: baseline; background-color: rgb(255, 255, 255); line-height: 16px;">Приехали и вырубились на 2 часа.&nbsp;</p><p style="margin: 12px 0px 18px; padding: 0px; border: 0px; outline: 0px; font-size: 12px; font-family: arial, verdana, sans-serif; vertical-align: baseline; background-color: rgb(255, 255, 255); line-height: 16px;">Сегодня Алиса впервые игралась со своей какашкой, попробовала ее. Отмывались мы долго.</p><p style="margin: 12px 0px 18px; padding: 0px; border: 0px; outline: 0px; font-size: 12px; font-family: arial, verdana, sans-serif; vertical-align: baseline; background-color: rgb(255, 255, 255); line-height: 16px;">Наши успехи самостоятельно еды придвигаются. Сегодняшний полдник Алиса съела сама. Творожок, потом фруктовое пюрешку. По-тихоньку готовимся к годовасию.</p>', NULL, '', 'бассейн'),
(17, 10, '2012-07-02', 'качели', '<span style="font-family: arial, verdana, sans-serif; font-size: 12px; line-height: 16px; background-color: rgb(255, 255, 255);">Алиса продолжает любить качаться на качельках.теперь и дома есть качельки.мама с папой купили их в магазине бегемотик на савушкина.&nbsp;</span><span style="font-family: arial, verdana, sans-serif; font-size: 12px; line-height: 16px; background-color: rgb(255, 255, 255);">Алиса сегодня ложке съела свои полобеда.молодец,ела и приговаривала-ам!</span>', '513b98cd21090.jpg', '47', ''),
(18, 10, '2012-07-01', 'велосипед', '<span style="font-family: arial, verdana, sans-serif; font-size: 12px; line-height: 16px; background-color: rgb(255, 255, 255);">Мы открыли велосезон,наконец-то.до этого была прохладная погода.поехали втроем квтатья на залив,ветра не было.доехали до парка бабки,алиса не?ного проиграла на да,потом мы доехали до берега и показали алисе море.в кресле алиса сидела хорошо,смотрела на меня и улыбалась довольно.на обратном пути немного покапризничала,видимо устала и хотела есть.на заливе мы попили чай с печеньками и бубликом.очень хорошо покатались.</span>', '513b9ae57c584.jpg', '', ''),
(19, 10, '2012-06-27', 'качели', '<span style="font-family: arial, verdana, sans-serif; font-size: 12px; line-height: 16px; background-color: rgb(255, 255, 255);">Алиса сейчас очень любит кататься на качельках.мы приходим на да,и катаемся по часу на качели.алиса катается и смотрит по стоонам-что там поисходит на да.катания и задом наперед-и на маме.</span>', '513b9b171fb61.jpg', '61', ''),
(20, 10, '2012-06-26', 'эксперимент', '<span style="font-family: arial, verdana, sans-serif; font-size: 12px; line-height: 16px; background-color: rgb(255, 255, 255);">Алиса сегодня проверяла ,тонет или не тонет рулон туалетной бумаги в-унитазе?тонет и еще как)</span>', '513b9b610cca0.jpg', '', 'опыт'),
(21, 10, '2012-06-24', 'фингал', '<span style="font-family: arial, verdana, sans-serif; font-size: 12px; line-height: 16px; background-color: rgb(255, 255, 255);">Алиса вчера очень удачно прокатилась с гороч ки.первый фингал</span>', '513b9ba796156.jpg', '', 'опыт'),
(22, 10, '2012-06-17', 'плаванье', '<span style="font-family: arial, verdana, sans-serif; font-size: 12px; line-height: 16px; background-color: rgb(255, 255, 255);">Алиса начала активно 13 июня нырять самостоятельно в ванной,получая от этого большое удовольствие.плаваеииз стороны в сторону без поддержки,сама контролирует свое дыхание. 14 июня на да мальчик 4 лет подарил алисе букетик одуванчиков.</span>', NULL, '', ''),
(23, 10, '2012-06-13', 'подали на визу', '<p style="margin: 12px 0px 18px; padding: 0px; border: 0px; outline: 0px; font-size: 12px; font-family: arial, verdana, sans-serif; vertical-align: baseline; background-color: rgb(255, 255, 255); line-height: 16px;">Сегодня подали на визу в визовом центре. Ездили втрое вместе с дядей Сережой, припарковались у метро Выборсгкая, потом на коляске поехали в метро. Были сложности с фотографией, ее не приянли, пришлось опять перефотографироваться, пробовали несколько раз. Это тяжело заставить 1 месячную Алису смотреть прямо в экран. Алиса явно не понимала, что от нее хотят, и почему мама все время спрашивает - где Алиса?)</p><p style="margin: 12px 0px 18px; padding: 0px; border: 0px; outline: 0px; font-size: 12px; font-family: arial, verdana, sans-serif; vertical-align: baseline; background-color: rgb(255, 255, 255); line-height: 16px;">Но все таки что то нам удолось сделать. Подали, а потом пошли в теремок, Алиса тоже попробовали блинчик. Съела полбаночки обеда и блинчик.Потом мы пошли купили бабушке в подарок сумку на ДР. И поехали домой, доехали очень быстро, мы потом гуляли с дядей. Купили овощей и фруктов. Алиса попробовала абрикос, правда были они не очень сладкие. Завтра должны привезти вкусную клбнику и черешню. Вечером к нам гости приехали Тимофей и Таня. Алиса ыла рада и быстро уснула. Тимка под впечатлением от новой обстановке долго не засыпал</p>', NULL, '', ''),
(24, 10, '2012-06-11', 'виза', '<span style="font-family: arial, verdana, sans-serif; font-size: 12px; line-height: 16px; background-color: rgb(255, 255, 255);">11.06.2012 мы ходили с Алисой подавать на визу. В визовой центре пытались в автомате сфотографировать Алису, у нас не очень получалось, Алиса не смотрела прямо, а только посторонам. Сотрудник центра подарил Алисе мягкую собачку. Вокруг Алисиной коляски собралось 4 ребенка, все хотели играть с Алисой. Документы у нас не приняли, так как доверенность была только с 13-го числа. Я очень расстроилась. На обратном пути заехали в гости к Юре с Ксюшей, Алиса там попробовала пиццу карбонара, которую приготовила Ксюша, было очень вкусно. На обратном пути Алиса уснула.</span>', NULL, '', ''),
(25, 10, '2013-02-07', 'учимся говорить', '<span style="font-family: ''Helvetica Neue'', helvetica, arial, tahoma, sans-serif; font-size: 12px; line-height: 14px; background-color: rgb(254, 253, 251);">Наши новые слова после поездки в Таллин</span><div><span style="font-family: ''Helvetica Neue'', helvetica, arial, tahoma, sans-serif; font-size: 12px; line-height: 14px; background-color: rgb(254, 253, 251);">какао</span><div><span style="font-family: ''Helvetica Neue'', helvetica, arial, tahoma, sans-serif; font-size: 12px; line-height: 14px; background-color: rgb(254, 253, 251);">Не кочу = не хочу</span></div><div><span style="font-family: ''Helvetica Neue'', helvetica, arial, tahoma, sans-serif; font-size: 12px; line-height: 14px; background-color: rgb(254, 253, 251);">Мама, где Маня?- наше первое длинное предложение</span></div></div>', NULL, '44', ''),
(26, 10, '2012-06-08', 'наш сон', '<span style="font-family: arial, verdana, sans-serif; font-size: 12px; line-height: 16px; background-color: rgb(255, 255, 255);">Алиса сейчас спит по разному днем, то 1 раз, то 2 раза. Обычно засыпает около 13.00 и спит до обеда 14.00, и иногда на прогулке в 17.00.&nbsp;</span>', NULL, '', 'сон'),
(27, 10, '2012-06-07', 'гуляем', '<span style="font-family: arial, verdana, sans-serif; font-size: 12px; line-height: 16px; background-color: rgb(255, 255, 255);">Алиса впервые попробовала песок на ДП. Немножко ходит, а потом садится и пальчиками хватает камешки, пеосек, веточки. Очень радуется, когда видит на прогулке собачек, цветочки, деток. С интересом смотрит на деток. Познакомились с мамой Мариной и 1,5 малышом Мироном!!!</span>', NULL, '61', ''),
(28, 10, '2012-03-10', 'первые слова', '<span style="font-family: arial, verdana, sans-serif; font-size: 12px; line-height: 16px; background-color: rgb(255, 255, 255);">Алиса 6 июня начала произносить новые звуки мама-ма-ма, ходит и говорит. Папа очень ждет, когда Алиса начнет говорить па-папа.. А вечером Алиса ходили с папой кормить коту Федю у Леши. Алиса очень радовалась. Она знает, что собачки гляют на улице, и смотрит на улицу, кога я ее спрашиваю, где собачки. Вчера заказла Алисе книжек на сайт лабиринт, китайский и английский</span>', NULL, '45', ''),
(29, 10, '2012-06-05', 'бассейн', '<span style="font-family: arial, verdana, sans-serif; font-size: 12px; line-height: 16px; background-color: rgb(255, 255, 255);">5 июня мы ездили с алисой в бассейн в репино,так как сеанс массажа отменился,вера дмитриевна попала в аварию на маршрутке.мы были в бассейне 2 часа, с 12-14,стоило 800 рублей.в бассейне мы даже плавали одни.температура воды была 28 град,алиса с восторгом купалась,мы несколько раз ныряли.также мы были в турецкой парной и джакузи.на обратном пути алиса,вырубилась и мы досыпади уже дома.обед у нас был почти в 16 часов.</span>', NULL, '', 'бассейн'),
(30, 10, '2012-06-04', 'сползает с дивана', '<span style="font-family: arial, verdana, sans-serif; font-size: 12px; line-height: 16px; background-color: rgb(255, 255, 255);">4 июня алиса показала маме как надо правильно сползать с дивана и кровати.алиса подползает к краю,разворачивается,заносит ногу и сама сползает.сначала я ее страховала,сейчас можно этого не делать</span>', NULL, '', 'умеем'),
(31, 10, '2012-06-07', 'встает у опоры', '<span style="font-family: arial, verdana, sans-serif; font-size: 12px; line-height: 16px; background-color: rgb(255, 255, 255);">Алиса начала вставать без опоры,делает это из позы прачки,потом берет что-нибудь в руки например ботинки и шагает с довольным видом по комнате. Сейчас начали делать 3 курс массажа, сегодня было 2 занятие.алису учат приседать из положения стоя, переносит хорошо,я отвлекаю ее книжками и игрушками&nbsp;</span>', NULL, '', ''),
(32, 10, '2012-03-26', 'пока пока', '<span style="font-family: arial, verdana, sans-serif; font-size: 12px; line-height: 16px; background-color: rgb(255, 255, 255);">Папа заметила, что Алиса научилась махать ручкой, когда говоришь пока пока. Алиса помахала M&amp;M в ванной после купания.</span>', NULL, '', 'пока пока'),
(33, 10, '2012-03-21', 'прогулки', '<h4 style="margin: 16px 0px 0px; padding: 0px; border: 0px; outline: 0px; vertical-align: baseline; background-color: rgb(255, 255, 255);"><font size="2"><font face="arial, verdana, sans-serif"><span style="font-weight: normal; line-height: 18px;">Интересно мы так</span></font></font><span style="font-weight: normal; line-height: 18px; font-family: arial, verdana, sans-serif; font-size: small;">&nbsp;из-за верхних &nbsp;зубиков??? ))) Погуляли сегодня хорошо, Алиса много сидела в коляске, пора покупать новую коляску. Ходили гулять в парк Дубки, дороги иногда непроходимые. Погода весенняя. Ждем весну))) На обратном пути немного&nbsp;раскапризничалась</span><span style="font-weight: normal; line-height: 18px; font-family: arial, verdana, sans-serif; font-size: small;">. А дома совсем расплакалась, видно кушать хотели.</span></h4>', '513c4ceec54c7.jpg', '', ''),
(34, 10, '2012-03-17', 'папа', '<span style="font-family: arial, verdana, sans-serif; font-size: 12px; line-height: 16px; background-color: rgb(255, 255, 255);">17 марта Алиса впервые сказала папа, сейчас уже несколько дней она пробует эти звуки на вкус, Иногда она говорит "мапа"</span>', NULL, '45', ''),
(35, 10, '2012-03-20', 'купание', '<span style="font-family: arial, verdana, sans-serif; font-size: 12px; line-height: 16px; background-color: rgb(255, 255, 255);">Сегодня Алиса очень активо купалась вечером с папой. В последнее время она в основном стояла в ванной и все по сторонам разглядывала и трогала. А тут она сама начала прыгать в воду и с удовольствием плавала. С утра мы много капризничали и очень текли слюни. Я подумала, что у нас лезет верхний зуб.</span>', NULL, '1', ''),
(36, 10, '2013-03-10', 'бассейн', 'Алиса сейчас осваивает плаванье на спине, 2 занятие и уже лучше делает. Раньше она только хотела сама по себе плавать, а сейчас готова делать все упражнения. Сегодня залезла на плот и сидела посередине а потом спрыгнула. Ждала своей очереди, чтобы запрыгнуть. Делали совместное упражнение с тренером Аней. Аня держала Алису, она отталкивалась ногами и плыла к Диме, под водой порядка 5 метров. И еще Алиса сегодня 2 раз была в церкви.', '513dc7779751c.jpg', '', 'Дельфинарий'),
(37, 10, '2013-01-25', 'после сна', 'Вот такая Алиса бывает после сна. Я ее заворачиваю в одеяло, чтобы не было холодно', '513dc93ce9060.jpg', '', ''),
(38, 10, '2013-03-12', 'первые слова', 'Алиса сегодня начала говорить Пить, сказала Пить чай<div>Пицца</div>', NULL, '44', ''),
(39, 10, '2013-03-17', 'масленица', 'Масленица 2013. Сегодня чудесная морозная погода и папа с утра напек вкусные блины. Мы отправились отмечать масленицу 2013 в парки Дубки. Ездили уже по традиции со Славой и Светой. В парке было организовано гуляние с песнями и пляками, Алису сразу заметила большого медведя, который встречал гостей в парке. Но Алиса побоялась к нему подойти. Мы погуляли, попили чай с вареньем и блинами и поехали домой. Вечером Алиса с папой ходили кормить уток на реку Сестру и смотрели как катаются с больших горок. Я тем временем ездила к Наде на обсуждение дизайна фотодневника.<div>Алиса произносит все больше слов - пита, всё, сухой, мокрый, твердый, мягкий, чистый и грязный.</div>', '51470b609511c.jpg', '', ''),
(40, 10, '2013-03-19', 'гости и фитнесс хаус', '<font face="Arial, Verdana" size="2">Сегодня к нам в гости приезжала Юля с Варей, Алиса&nbsp;была&nbsp;очень рада, мы успели поиграть,&nbsp;покушать,&nbsp;посмотреть&nbsp;мультик, Алиса с Варей прекрасно общаются, но в конце уже не поделили ксилофон и музыкальную книжку. Вечером с папой мы поехали в аква и бассейн фитнесс хаус. Там Алисик накупалась от души, мы впервые побывали Римская парная, внутри там сделана купель с горячей водой. Алиса сразу обратила внимание на горячую воду, на светодионые звездочки на потолке, а также разговаривала со всеми.&nbsp;</font>', NULL, '', ''),
(41, 16, '2012-11-02', 'Зубки', 'С трех месяцев у нашей Дашульки появились слюнки. Первый зубик проклюнулся 02.11.12. За месяц до этого мы накупили резиновые кольца, чтобы ребенок мог чесать десенки. Дашулька вела себя молодцом. Не капризничала особо, температуры не было, поэтому мы все продолжали жить по нашему устоявшемуся режиму. Кто бы мог подумать, что после первого зубика с интервалом в неделю начнут проклевываться следующие. В итоге за 2 месяца прорезалось 8 зубов!', NULL, '6', ''),
(42, 16, '2012-12-18', 'Поездка в Пушкин', 'Сегодня у нас был первый официальный выход в свет!<div><br></div>', NULL, '3', ''),
(43, 16, '2013-03-23', 'Встреча с Назарчиками', '<font face="Arial, Verdana" size="2">Сегодня ездили в Кайкино к бабушке с&nbsp;дедушкой. Последний раз мы были около двух месяцев назад, за это время Дашенька уже успела подрасти. Баба с дедой встретили нас у машины. Дашулька как раз проснулась и мы пошли в дом. Дашенька сначала испугалась повышенного внимания и долго приглядывалась...</font>', NULL, '60', ''),
(44, 10, '2013-03-23', 'гимнастика', 'Алиса сегодня ходила на гимнастику, конечно она ничего не повторяла за тренером, а просто носилась по залу))<div>Зато потом четко сказала мальчики, так как на занятии были 2 мальчика Саша и Дима. В конце занятия Алиса показывала как она кувыркается.</div><div>Новые слова - музыка, плов, мальчики</div>', NULL, '', ''),
(45, 16, '2013-03-24', 'Стоит на ножках', 'Сегодня утром Дашенька самостоятельно без поддержки простояла на ножках около 10 секунд. Из положения стоя медленно приседала на корточки и садилась на пол. &nbsp;Она смотрела на свое отражение в зеркале и улыбалась. скоро наша девочка пойдет. Неделю назад она пыталась устоять, но это было 2-3 секунды. Посмотрим что будет дальше:) А дальше вот что. Вечером моя проказница уже уверенно стояла на ногах и раскачивала попкой около 30 секунд. Ей это очень понравилось', NULL, '32', ''),
(46, 10, '2013-03-30', 'гимнастика', '<font face="Arial, Verdana" size="2">С Алисой мы ходили на 2 занятие по гимнастике, Алиса уже осваивается и пытается повторять движения за другими&nbsp;малышами. Набегалась, напрыгалась. Потом мы немножко погуляли и пошли домой. Впервые Алиса на занятии попросилась в туалет, мы все сделали успешно)&nbsp;</font>', NULL, '', ''),
(47, 16, '2013-03-27', 'Учудила', '<font face="Arial, Verdana" size="2">Сегодня ночью наша соня меня чуть до кандрашки не довела. Слышу Дашулька вякает. Просыпаюсь и понимаю, что надо дать ребенку титечку. Смотрю на нашу кровать -ребенка нет! Гляжу на пол -нет! Заглядываю в кроватку -тоже нет. Вот тут-то я и пере...лась!!! Ребенок поплакивает, зовет маму, а я его не вижу и не могу понять спросонья откуда голос. Причем голос откуда-то снизу... Оказалось, моя крохотулечка во сне проползла в единственную дырочку между наших подушек и сползла с тахты со стороны головы.Уже второй раз она нам преподает урок, что за ней нужен глаз да глаз даже там, где вроде бы нет никакой опасности!</font>', NULL, '', 'Сон'),
(48, 16, '2013-03-29', 'Гуляем ножками', 'Сегодня мы втиорой раз гуляем в сапожках и ходим ножками по земле. Ребенок счастлив! Перед ней мир открылся с другой стороны и в других красках. Счастливый ребенок буквально побежал к гномику Гоше и грише. Трогал их за носики. Показыывала где у них находятся глазки , ротик, носик. С удовольствием общалась с детишками, которые гуляли рядом. Визжала от восторга, когда увидела собачку. В такой близости видеть собачек ей еще не приходилось. Потом мы пошли в другой двор кататься на качелях. Когда я ее сажала на сиденье, она моментально взялась за перила, и качалась улябаясь во все свои 8 зубов! &nbsp;Сегодня мы познакомились на этой площадке с Полиной и Анечкой. девочкам по 1,2. дашуля была в восторге.', NULL, '32', ''),
(49, 16, '2012-05-10', 'Купание в ванночке.', '<font face="Arial, Verdana" size="2">Наша крохотулька с удовольствием сегодня искупалась. Первые купания даются с трудом маме и папе, но не ребенку. Надо правильно держать тельце и головку, чтобы не утопить и не напугать малышку. Справилась! после этого по книжке надо смазать складочки, вытереть ушки, прочистить носик... Уф! Скоро это дойдет до автоматизма... Маленькая, ножки и ручки&nbsp;длинненькие, тоненькие, пузико кругленькое)))) Дашеньке купаться понтравилось, она дрыгала в водичке ручками и ножками и не капризничала... Это хорошо!</font>', NULL, '1', ''),
(50, 16, '2013-04-03', 'Гуляем', 'Сегодня вечером пошли гулять всей семьей. Мы с Дашей показали площадку, на которой сегодня днем познакомились с Кириллом. Полазили по трубам, покачались с папой на качелях. Дашенька сегодня первый раз сказала ав-ав увидев собачку. Ей это понравилось и она некоторое время повторяла ав-ав, привлекая взгляды собачников) Народ умилялся', NULL, '43', ''),
(51, 16, '2013-04-03', 'Первый поцелуй', 'Сегодня на дневной прогулке на площадке за Пятерочкой, познакомились с мальчиком Кириллом. Кириллу около 2 лет. Дашенька ему понравилась:) Они ползали по трубам на игровой площадке, Дашуля ему улыбалась, а он пытался ее научить, как ползти. Дети так увлеклись игрой, что когда мама Кирилла сказала ему, что надо уходить, он не спешил это делать))) Когда Кирилл прощался с Дашенькой, он взял ее ручками за плечики и поцеловал в щечку))) Выглядело очень трогательно) Мама Кирилла сказала, что по средам они в это время (16-17) гуляют на это площадке и мы можем еще встретиться. Мы были не против и в следующую среду пойдем с Дашенькой &nbsp;гулять туда.', NULL, '61', ''),
(52, 10, '2013-04-06', 'первые слова', '<div>Алиса говорит!</div>кататка=шоколадка', NULL, '', ''),
(53, 16, '2013-04-07', 'Аттракционы у бабушки', '<font face="Arial, Verdana" size="2">Сегодня ездили к родителям на Васильевский. Папуля с утра улетел в Гамбург, так что день мы провели с бабулей, Ванюхой и Варечкой. Погода была чудесная -солнышко, ветерок слабый, тепло. Настоящая весна. Всем семейством мы отправились на&nbsp;аттракционы. Ванюшка взял абонемент, а мы решили пару раз прокатить Дашеньку на каруселе с лошадками. Сначала с Дашулькой катался Вася. У Дашули глаза разбегались, вокруг куча мигающих лампочек, движущиеся лошадки, музыка....Ребенок словно попал в сказочную страну. Второй раз кататься на карусели отправили меня. Мы чудесно откатались, Дашульке понравилось, в следующий раз опять пойдем. Ребенок с удовольствием гулял ножками, а когда я ее посадила на аттракцион машинка, она тут же схватилась за рули и начала их крутить. Очень нам понравилась кнопочка, которая была на панеле. Дашуля крутила руль, давила на кнопочку и с улыбкой пыталась имитировать езду.... Обалдеть!!!!!!!!!! Маленький ребенок, а уже сама соображает, что надо делать и как играть!!! Бабуля не могла нарадоваться!!!!</font>', NULL, '60', ''),
(54, 16, '2013-04-06', 'строим глазки', 'На вечерней прогулке Дашуля опять всех поразила. Надо будет вспомнить, когда это началось впервые и записать. Сегодня на нашем пятаке гуляли трое детишек, уже взрослых - больше 1,2-2 лет, а на скамеечке сидели 2 мамы, молодые девочки. Дашуля оглядела все вокруг опытным глазом и направилась в сторону мамочек. Девочки сразу обратили на нее внимание, а Даша, стала смущаться, глядя на них, улыбаться и строить им глазки. Девки обалдели..Маленькая кокетка, я уже не в первый раз замечаю, как она строит глазки и кокетничает))) Вот ведь природа!!!&nbsp;', NULL, '61', ''),
(55, 10, '2013-04-09', 'первые слова', 'Алиса сегодня играла с новым подарком от папы - трубой. И впервые Алиса начала говорить Моя, все начало положено)))', NULL, '44', ''),
(56, 16, '2013-04-09', 'Массаж 4', 'Сегодня первый день четвертого курса массажа. Дашуля конечно была недовольна такому насилию над Личностью, поэтому проревела горькими слезами половину процедуры. Слезы текли градом, подбородочек дрожжал...Горе!!!!!!!!!! Я как могла отвлекала ее, поэтому вторую часть мы уже лежали на спинке и играли с игрушечкой. да, голосистая у нас девочка:))) Я даже не ожидала))) Зато, когда пошли гулять на площадку, моя крошечка увереннее стала идти за одну ручку! Надеюсь скоро наше солнышко сама пойдет. Главное купить ей детскую колясочку, чтобы она могла балансировать и чуть-чуть опираться на нее.', NULL, '56', ''),
(57, 9, '2013-04-11', 'test55', 'test asdasdas 444', '516681d377c34.jpg', '', ''),
(58, 20, '2013-04-02', '12', '85оролими итьи&nbsp;', NULL, '', ''),
(59, 22, '2013-04-12', 'рпар', 'рлорлорлорлор роп о', NULL, '48,51,53', ''),
(60, 22, '2013-04-09', 'оллдь', 'поиьтимлот', NULL, '56', ''),
(61, 22, '2013-04-03', 'рои', '4564', NULL, '12', ''),
(62, 22, '2013-04-12', '12', 'лд', NULL, '1', ''),
(63, 10, '2013-04-13', 'первые слова', 'Новые слова Алисы<div>мягкий&nbsp;</div><div>упала</div><div>пивет=привет</div><div>ма=спасибо</div>', NULL, '44', ''),
(64, 10, '2013-04-13', 'велосипед', 'Алиса сегодня начала учится кататься на велосипеде. Велосипед нам дал Федя, будем потихоньку учится. В основном Алиса толкалась ногами, педали пока не крутит', NULL, '', ''),
(65, 10, '2013-04-15', 'гости', 'Сегодня к нам в гости приезжали Юля с Варей. Мы поиграли дома, Алиса все бегали и на свои игрушки кричала :Моя или Мое. А когда мы пошли погулять Алиса исследовала грязь во дворе.<div><br></div>', '516bf131dff76.jpg', '', ''),
(66, 10, '2013-04-14', 'День рождение Артема', 'Сегодня мы ходили поздравляли Артема с 2 годиками. Купили ему подарок паровозик и фломастеры в Икея. Ходили в театр Таврик, на Фурштатской рядом с немецким консульством. Еще пришли Надя мс Левой и Женей, подружка Артема Полина с мамой Аней. В гости к малышам пришли медвежонок и зайчик, они вместе играли, слушали сказку про колобка, а потом путешествовали по разным тематическим комнатам-космическая, морская, лесная поляна и замок снежной королевы. Потом были угощения - пироги и торт.', '5172cc3e54aa1.gif', '65', ''),
(67, 10, '2011-07-27', 'зажила пупочная ранка', 'У Алисы отвалилась болячка в больнице. Обрабатывали ранку потом перекисью водорода и зеленкой. Дима очень любит, когда Алиса спит у него на груди. Невролог проверяла Алисины глазки, подносила ее к окну. После 2х недель при общении фиксирует взгляд.', '516d3baa203a7.jpg', '', ''),
(68, 10, '2011-08-15', 'достижение месяца', 'Алиса достаточно уверенно держит голову, лежа на животе. Еще пока приходится носить на шеи корректор для исправления наклона головы.', '516d3c60d888b.jpg', '19', ''),
(69, 10, '2011-08-04', 'следит за игрушкой', 'Алиса внимательно следит за игрушкой, и улыбается маме и папе, когда с ней общаются.&nbsp;', '516d3d57871e4.jpg', '', ''),
(70, 10, '2011-08-20', 'поворачивается к источнику звука', 'Алиса начала пускать пузыри и активно двигать ручками и ножками. А 30 августа начала активно гулить. Четко говорить Агу.', NULL, '', ''),
(71, 10, '2012-04-17', 'Первые слова', 'Алисины новые слова\r\nФен\r\nБольшой\r\n', NULL, '', ''),
(72, 10, '2013-04-17', 'Первые слова', '<p><span style="font-family: Arial; font-size: 10pt;">Новые слова\r\nБольшой, Фен, Река, Море<br></span><font face="Arial"><span style="font-size: 10pt;">Маму зовет Анюта</span></font></p>', NULL, '44', ''),
(73, 10, '2013-04-19', 'Первые слова', '<p><span style="font-size: 10pt;">Согревались после прогулки с Лешей.</span></p><p><span style="font-size: 10pt;">Алиса научилась говорить</span></p><p><span style="font-size: 10pt;">Какаголь, икакаголь &nbsp;- &nbsp;алкаголь</span></p>', NULL, '44', ''),
(74, 10, '2013-04-22', 'Ромб', 'Сегодня с Алисой складывали разные фигурки из карандашей, сначала квадрат, Алиса сказала квадрат а потом я сложила ромб и Алиса сказала Рено)', NULL, '', ''),
(75, 10, '2013-04-23', 'мультики', 'Алиса любит смотреть мультики на айпаде после завтрака.<div><br></div>', '5176f948eb5a4.jpg', '', ''),
(76, 10, '2013-03-24', 'велосезон', 'Алиса открыла велосезон в парке дубки вместе с папой<div>велосипед нам дала Маша Колмогорцева</div>', '5176f9a8635f8.jpg', '', ''),
(77, 10, '2013-04-24', 'Йога', 'Алиса сегодня с утра, как проснулась первым делом сказала, что Йога. Наверно это любовь))) Мой маленький йог. &nbsp; &nbsp; &nbsp; &nbsp; &nbsp; &nbsp; &nbsp; &nbsp; &nbsp; &nbsp; &nbsp; &nbsp; &nbsp; &nbsp; &nbsp; &nbsp; &nbsp; &nbsp; &nbsp; &nbsp;', '5178294c2d556.jpg', '', ''),
(78, 11, '2013-04-24', 'Первое смс', 'Сидя на горшке Тимка любит смотреть видео с телефона мамы,а я в этот момент ушла ну буквально на минуточку.Слышу что-то пикнуло в телефоне.Ну думаю Тимка что-то удалил.Через минуту звонит свекровь и задает такой вопрос: "Ты кого это ЛОХом называешь?"Я ничего не понимаю...она говорит "Ты мне прислала смс со словом ЛОХ!!!!!"И тут я поняла что это отправил Тимка,сидя на горшке )))Мы посмеялись!!!!', NULL, '', ''),
(82, 10, '2013-05-12', 'У нас гости', 'Сегодня к нам приезжала Маша Колмогорцева с Женей и Галей. Мы обедали несоленный рассольником и отлично погуляли в парке дубки.', '518ea69b82085.jpg', '', ''),
(83, 10, '2012-02-02', 'груша', 'прип', NULL, '', ''),
(84, 10, '2013-05-19', 'Подводные очки', 'Алиса сегодня в первый раз плавала в очках в бассейне, а потом еще проплыла ширину бассейна сама, только выныривая и хватая воздух, также в конце занятия она все движения повторяет за тренером Аней', NULL, '', 'Плаванье'),
(85, 29, '2013-06-09', 'Море', 'Купался в море ионическом!!! Ощущения не понял-буду пробовать еще!', NULL, '1', ''),
(86, 29, '2013-06-09', 'Еда', 'Ел хлебную корочку в ресторане ole-ole на острове закинф в Греции. ', NULL, '2', ''),
(87, 29, '2013-06-10', 'Сомнения мои', 'Мама сомневается в моем здоровье. Думает , что у меня сопли и горло болит. Веду себя тихо и осторожно, чтобы не сеять панику, ведь она сомневается каждые две недели все равно)))) жду когда она успокоится, потом начну орать!', NULL, '', ''),
(88, 29, '2013-06-11', 'Гулять и папа', 'Звал маму гулять целых пол часа! Капризничал, пока она догадалась!! Видел папу по скайпу-обрадовался! Он тоже обрадовался. А вечер полез зуб-ох и больно же!!! ', NULL, '', ''),
(89, 29, '2013-06-15', 'Я ползу!', 'Легли спать. Мама положила рядом айпад. Он засветился в темноте. Пришлось три раза подтягиваться на ручках и ползти, чтобы попробовать его! Маме понравилось! Говорит, что я пополз!', '51c359de7a0a7.jpg', '', ''),
(90, 29, '2013-06-18', 'Пляж', 'Купался с мамой в утреннем прохладном море! Чем сильно ее удивил и обрадовал. Мне понравилось! Спел ей песню. После обеда сам встал на ручки, подтянул коленки, сказал :" мама", ну чтобы она увидела и упал. Было весело! Купался и плавал целый день!', '51c359f9648b4.jpg', '', ''),
(91, 29, '2013-06-18', 'Я болтаю', 'Ходили в гости к Николасу и Марии. Мне у них понравилось. Он смешной такой-усатый. Здесь много усатых мужчин, и они все разрешают мне их усы трогать! У них собака гавкучая, ревнует ко мне. А мама все время повторяет : " собака ав-ав". Я вечером увидел эту собаку и маме напомнил: " ааав" все были в восторге! ', NULL, '', ''),
(92, 29, '2013-06-20', 'Лягушка', 'Сегодня очень устал! Целый день тренировался! Опираюсь на вытянутые руки, потом подтягиваю коленки. В таком положении пытаюсь двигаться вперед, но выходят только лягушачьи прыжки! Могу очень быстро и далеко менять местоположение.', '51c3599eef4a2.jpg', '', ''),
(93, 10, '2013-06-14', 'цветы закинфа', 'После моря Лена подарила Алисе цветочек, Алиса его применила. Иногда они с папой примеряют жучков.', '51c3f8e4b48bb.jpg', '', ''),
(94, 29, '2013-06-24', 'Плавать и плавать!', 'Сегодня поплыл по-настоящему! Работал ногами и руками! Руками сильно брызгал! Очень весело, мама рано вытащила, продолжал плыть на ней! Хочу еще!!!!', NULL, '', ''),
(95, 29, '2013-07-02', 'Ава', 'Сегодня много ползал, стало скучно одному. Решил поиграть с Шепардом. Потянулся к нему, но он меня избегает. Пришлось его позвать: "ава". Мама же говорит все время: " собачка ав-ав!"', NULL, '', ''),
(96, 29, '2013-07-04', 'Seat down!', 'Сегодня первый раз сам сел! Играли на коврике на полу. Даже сам не понял как так получилось!', NULL, '', ''),
(97, 29, '2013-07-06', 'Баю-баюшки-баю', 'Вот ты и стал совсем самостоятельным! Спишь отдельно в своей кроватке. Удивительно! Раньше все эти 6 месяцев мне так хотелось вернуть свою прежнюю независимую жизнь и от момента твоего рождения- это желание угасало и угасало. Теперь, когда оно практически угасло,  ты стал отделяться от меня, давая хоть какие-то свободные моменты, а я не знаю, что с ними делать. Я не хочу быть свободной от тебя, мой сынуля! ', NULL, '', '');
INSERT INTO `diary` (`id`, `baby_id`, `date`, `title`, `text`, `photo`, `milestones`, `custom_milestone`) VALUES
(98, 29, '2013-01-04', 'Первая запись', 'Лука-наш любимый сыночек. Пупочек отвалился 02.01.2013! Понял как сладко спать на животике у папы или у мамы и не хочет спать один. Правда очень чувствительный мальчик, реагирует если папа с мамой искрят- все понимает! Уже очень хорошо может поднимать голову в положении лежа на животике. Держится крепко ручками за пальцы и его можно приподнять. 12.00 спит в коляске, не спал всю ночь, но и не плакал. Лежал и тихо кряхтел. Очень странно. Блин, у сына похоже поносик. 13.30 подъем. 15.40 уснул на животе у меня до 18.00. Помогает джаз. Даже смогла массаж ему сделать. Гулять не любит.  Купались. Пробовала его купать. на животике плывет, но глатнул воды и испугался.', NULL, '', ''),
(99, 29, '2013-01-17', '21-й день', 'Когда спит, ручки складывает вместе, как ангелочек! Ровно в 21 день начал реагировать на погремушку. Очень уверенно держит голову. Поменял режим, и стал больше бодроствовать. Такой тяжеленький-устаю носить. Любовь к сисе. Спит с ней в обнимку и надо, чтобы сосок касался губ, тогда все спокойно.', NULL, '', ''),
(100, 29, '2013-01-24', 'Агу', 'У сынули треугольные ноздри))) как перевернутые треугольники-основанием вверх. Стал агукать по утрам-очень здорово! Лежа на животике держит голову. Но лежать на животике не любит и отказывается. Гулять не любит. Соску не воспринимает никакую, даже украинскую за 20 рублей! Гуляет на балконе. Купили слинг. Утром не смогла его посадить, а вот вечером удалось! Очень удобно! Чихнул и пукнул одновременно-огорчился и расплакался! Шерстяная шапочка уже мала... ', NULL, '', ''),
(101, 29, '2013-01-30', 'Стишок мамин для зарядки', 'Я спортсмен сильнее нету,\r\nПотому что я - силач! \r\nЯ рукой свою планету\r\nПоднимаю и калач!', NULL, '', ''),
(102, 35, '2013-07-12', 'К 4м месяцам мы уже умеем...', '<span class="Apple-style-span" style="color: rgb(81, 81, 81); font-family: Tahoma, Arial, Geneva, sans-serif; font-size: 12px; line-height: 18px; background-color: rgb(255, 255, 255); "><p style="margin-top: 0px; margin-right: 0px; margin-bottom: 12px; margin-left: 0px; padding-top: 0px; padding-right: 0px; padding-bottom: 0px; padding-left: 0px; background-image: none !important; background-attachment: initial !important; background-origin: initial !important; background-clip: initial !important; background-color: initial !important; background-position: initial initial !important; background-repeat: initial initial !important; ">18.04.13</p><p style="margin-top: 0px; margin-right: 0px; margin-bottom: 12px; margin-left: 0px; padding-top: 0px; padding-right: 0px; padding-bottom: 0px; padding-left: 0px; background-image: none !important; background-attachment: initial !important; background-origin: initial !important; background-clip: initial !important; background-color: initial !important; background-position: initial initial !important; background-repeat: initial initial !important; ">Продержала головку 52сек… Мама проводила эксперимент))</p><p style="margin-top: 0px; margin-right: 0px; margin-bottom: 12px; margin-left: 0px; padding-top: 0px; padding-right: 0px; padding-bottom: 0px; padding-left: 0px; background-image: none !important; background-attachment: initial !important; background-origin: initial !important; background-clip: initial !important; background-color: initial !important; background-position: initial initial !important; background-repeat: initial initial !important; ">На след день попробовали вертеть головой))</p><p style="margin-top: 0px; margin-right: 0px; margin-bottom: 12px; margin-left: 0px; padding-top: 0px; padding-right: 0px; padding-bottom: 0px; padding-left: 0px; background-image: none !important; background-attachment: initial !important; background-origin: initial !important; background-clip: initial !important; background-color: initial !important; background-position: initial initial !important; background-repeat: initial initial !important; ">27.04.13</p><p style="margin-top: 0px; margin-right: 0px; margin-bottom: 12px; margin-left: 0px; padding-top: 0px; padding-right: 0px; padding-bottom: 0px; padding-left: 0px; background-image: none !important; background-attachment: initial !important; background-origin: initial !important; background-clip: initial !important; background-color: initial !important; background-position: initial initial !important; background-repeat: initial initial !important; ">Первый переворот со спины на бочек… С этого дня так и спим… Кладу на спину, позже сама поворачивается на бочек и засыпает...</p><p style="margin-top: 0px; margin-right: 0px; margin-bottom: 12px; margin-left: 0px; padding-top: 0px; padding-right: 0px; padding-bottom: 0px; padding-left: 0px; background-image: none !important; background-attachment: initial !important; background-origin: initial !important; background-clip: initial !important; background-color: initial !important; background-position: initial initial !important; background-repeat: initial initial !important; ">29.04.13</p><p style="margin-top: 0px; margin-right: 0px; margin-bottom: 12px; margin-left: 0px; padding-top: 0px; padding-right: 0px; padding-bottom: 0px; padding-left: 0px; background-image: none !important; background-attachment: initial !important; background-origin: initial !important; background-clip: initial !important; background-color: initial !important; background-position: initial initial !important; background-repeat: initial initial !important; ">С бочка перевернулась на живот, была немного в шоке, не зная как правильно положить ручки...</p><p style="margin-top: 0px; margin-right: 0px; margin-bottom: 12px; margin-left: 0px; padding-top: 0px; padding-right: 0px; padding-bottom: 0px; padding-left: 0px; background-image: none !important; background-attachment: initial !important; background-origin: initial !important; background-clip: initial !important; background-color: initial !important; background-position: initial initial !important; background-repeat: initial initial !important; ">12.05.13</p><p style="margin-top: 0px; margin-right: 0px; margin-bottom: 12px; margin-left: 0px; padding-top: 0px; padding-right: 0px; padding-bottom: 0px; padding-left: 0px; background-image: none !important; background-attachment: initial !important; background-origin: initial !important; background-clip: initial !important; background-color: initial !important; background-position: initial initial !important; background-repeat: initial initial !important; ">Кариша первый раз загулекала… Муж пришел с работы, и наклонившись сказал «привет»! Кариша улыбнувшись тихонечко выдохнула «Агуууу»… Мы уже следи за предметами… Пытаемся сфокусироваться на одном предмете, любим рассматривать мобильку с зайчатами))</p><p style="margin-top: 0px; margin-right: 0px; margin-bottom: 12px; margin-left: 0px; padding-top: 0px; padding-right: 0px; padding-bottom: 0px; padding-left: 0px; background-image: none !important; background-attachment: initial !important; background-origin: initial !important; background-clip: initial !important; background-color: initial !important; background-position: initial initial !important; background-repeat: initial initial !important; ">27.05.13</p><p style="margin-top: 0px; margin-right: 0px; margin-bottom: 12px; margin-left: 0px; padding-top: 0px; padding-right: 0px; padding-bottom: 0px; padding-left: 0px; background-image: none !important; background-attachment: initial !important; background-origin: initial !important; background-clip: initial !important; background-color: initial !important; background-position: initial initial !important; background-repeat: initial initial !important; ">Первый раз схватила погрему, назойливо гремяшую в руках мамы… Залепила ей себе полбу)</p><p style="margin-top: 0px; margin-right: 0px; margin-bottom: 12px; margin-left: 0px; padding-top: 0px; padding-right: 0px; padding-bottom: 0px; padding-left: 0px; background-image: none !important; background-attachment: initial !important; background-origin: initial !important; background-clip: initial !important; background-color: initial !important; background-position: initial initial !important; background-repeat: initial initial !important; ">31.05.13</p><p style="margin-top: 0px; margin-right: 0px; margin-bottom: 12px; margin-left: 0px; padding-top: 0px; padding-right: 0px; padding-bottom: 0px; padding-left: 0px; background-image: none !important; background-attachment: initial !important; background-origin: initial !important; background-clip: initial !important; background-color: initial !important; background-position: initial initial !important; background-repeat: initial initial !important; ">Берем погремушку, перекладываем из рук в руки… Рассматриваем))</p><p style="margin-top: 0px; margin-right: 0px; margin-bottom: 12px; margin-left: 0px; padding-top: 0px; padding-right: 0px; padding-bottom: 0px; padding-left: 0px; background-image: none !important; background-attachment: initial !important; background-origin: initial !important; background-clip: initial !important; background-color: initial !important; background-position: initial initial !important; background-repeat: initial initial !important; ">4.06.13</p><p style="margin-top: 0px; margin-right: 0px; margin-bottom: 12px; margin-left: 0px; padding-top: 0px; padding-right: 0px; padding-bottom: 0px; padding-left: 0px; background-image: none !important; background-attachment: initial !important; background-origin: initial !important; background-clip: initial !important; background-color: initial !important; background-position: initial initial !important; background-repeat: initial initial !important; ">Слюней по калено, хватаем все до чего дотягиваемся, тянем рот, то ли сосем, то ли жуем… то ли десны чешим))</p><p style="margin-top: 0px; margin-right: 0px; margin-bottom: 12px; margin-left: 0px; padding-top: 0px; padding-right: 0px; padding-bottom: 0px; padding-left: 0px; background-image: none !important; background-attachment: initial !important; background-origin: initial !important; background-clip: initial !important; background-color: initial !important; background-position: initial initial !important; background-repeat: initial initial !important; ">5.06.13</p><p style="margin-top: 0px; margin-right: 0px; margin-bottom: 12px; margin-left: 0px; padding-top: 0px; padding-right: 0px; padding-bottom: 0px; padding-left: 0px; background-image: none !important; background-attachment: initial !important; background-origin: initial !important; background-clip: initial !important; background-color: initial !important; background-position: initial initial !important; background-repeat: initial initial !important; ">Научилась дико кричать, что аж уши закладывает… Целый день практиковала новое умение… Орет, а потом лежит довольная наблюдает за реакцией окружающих..</p><p style="margin-top: 0px; margin-right: 0px; margin-bottom: 12px; margin-left: 0px; padding-top: 0px; padding-right: 0px; padding-bottom: 0px; padding-left: 0px; background-image: none !important; background-attachment: initial !important; background-origin: initial !important; background-clip: initial !important; background-color: initial !important; background-position: initial initial !important; background-repeat: initial initial !important; ">7.06.13 Не отрываясь смотрела с папой сказку… Жутко расстроилась и орала когда мама ее выключила))</p><p style="margin-top: 0px; margin-right: 0px; margin-bottom: 12px; margin-left: 0px; padding-top: 0px; padding-right: 0px; padding-bottom: 0px; padding-left: 0px; background-image: none !important; background-attachment: initial !important; background-origin: initial !important; background-clip: initial !important; background-color: initial !important; background-position: initial initial !important; background-repeat: initial initial !important; ">18.06.13</p><p style="margin-top: 0px; margin-right: 0px; margin-bottom: 12px; margin-left: 0px; padding-top: 0px; padding-right: 0px; padding-bottom: 0px; padding-left: 0px; background-image: none !important; background-attachment: initial !important; background-origin: initial !important; background-clip: initial !important; background-color: initial !important; background-position: initial initial !important; background-repeat: initial initial !important; ">Я проснулась от того что дочка пыхтит, заглянула в кроватку, Кукленыш пытается схватит лунтика нарисованного на бортиках, сердито пыхтя что ничего не получается, схватила пеленку и укрылась с головой))</p><p style="margin-top: 0px; margin-right: 0px; margin-bottom: 12px; margin-left: 0px; padding-top: 0px; padding-right: 0px; padding-bottom: 0px; padding-left: 0px; background-image: none !important; background-attachment: initial !important; background-origin: initial !important; background-clip: initial !important; background-color: initial !important; background-position: initial initial !important; background-repeat: initial initial !important; ">2.07.13 дочка первый раз захохотала… Я обалдела просто, то ли от счастья, то ли от неожиданности… Муж схватил коляску с Каришей и начал бегать раскачиваясь вокруг меня, что то напевая, смотря на Каришу! И ту в ответ захохотала, четко, ясно, во весь голос всем своим беззубым ротиком! Мой восторг в то момент был непередаваем...</p><p style="margin-top: 0px; margin-right: 0px; margin-bottom: 12px; margin-left: 0px; padding-top: 0px; padding-right: 0px; padding-bottom: 0px; padding-left: 0px; background-image: none !important; background-attachment: initial !important; background-origin: initial !important; background-clip: initial !important; background-color: initial !important; background-position: initial initial !important; background-repeat: initial initial !important; ">В итоге через два дня нам уже 4ри мес. ко всему прочему мы еще умеем отчетливо отличать свое семейство от чужого! Если чужой человек лезет к ней сюсюкаться, она отворачивает голову, если и дальше пристают то прячет личико ко мне в грудь… Любим вести беседы, особенно с папой… Могут болтать по часу, да от радости еще и руками ногами машет)) Любит когда приходят свекр со свекровкой, моя мама, она уже понимает что пришли ее собственные клоуны, сейчас начнется увисилительный концерт))</p><p style="margin-top: 0px; margin-right: 0px; margin-bottom: 12px; margin-left: 0px; padding-top: 0px; padding-right: 0px; padding-bottom: 0px; padding-left: 0px; background-image: none !important; background-attachment: initial !important; background-origin: initial !important; background-clip: initial !important; background-color: initial !important; background-position: initial initial !important; background-repeat: initial initial !important; ">Любимые звуки: агу, угу, ае, аеу, уу, блю, бу, бю(и пузырьки из слюней пускает)</p><p style="margin-top: 0px; margin-right: 0px; margin-bottom: 12px; margin-left: 0px; padding-top: 0px; padding-right: 0px; padding-bottom: 0px; padding-left: 0px; background-image: none !important; background-attachment: initial !important; background-origin: initial !important; background-clip: initial !important; background-color: initial !important; background-position: initial initial !important; background-repeat: initial initial !important; ">Очень любим сидеть на мансарде, и рассматривать как на ветру листочки на деревьях шевелятся...</p><p style="margin-top: 0px; margin-right: 0px; margin-bottom: 12px; margin-left: 0px; padding-top: 0px; padding-right: 0px; padding-bottom: 0px; padding-left: 0px; background-image: none !important; background-attachment: initial !important; background-origin: initial !important; background-clip: initial !important; background-color: initial !important; background-position: initial initial !important; background-repeat: initial initial !important; ">Любим ватать меня за щеки, волосы, и улыбаться… Слушать когда я ей рассказываю сказки)</p><p style="margin-top: 0px; margin-right: 0px; margin-bottom: 12px; margin-left: 0px; padding-top: 0px; padding-right: 0px; padding-bottom: 0px; padding-left: 0px; background-image: none !important; background-attachment: initial !important; background-origin: initial !important; background-clip: initial !important; background-color: initial !important; background-position: initial initial !important; background-repeat: initial initial !important; ">Начинаем ненавидеть коляску, и просится на ручки)))</p><p style="margin-top: 0px; margin-right: 0px; margin-bottom: 12px; margin-left: 0px; padding-top: 0px; padding-right: 0px; padding-bottom: 0px; padding-left: 0px; background-image: none !important; background-attachment: initial !important; background-origin: initial !important; background-clip: initial !important; background-color: initial !important; background-position: initial initial !important; background-repeat: initial initial !important; ">О, да… Больше всего на свете мы не любим одевать шапки! Ор обеспечен!</p><p style="margin-top: 0px; margin-right: 0px; margin-bottom: 12px; margin-left: 0px; padding-top: 0px; padding-right: 0px; padding-bottom: 0px; padding-left: 0px; background-image: none !important; background-attachment: initial !important; background-origin: initial !important; background-clip: initial !important; background-color: initial !important; background-position: initial initial !important; background-repeat: initial initial !important; ">Ползать, нам очень хочется… И мы уже даже поняли как нужно переставлять ножки… Но вот до рук дело пока не доходит, они тормозят весь процесс..</p><p style="margin-top: 0px; margin-right: 0px; margin-bottom: 12px; margin-left: 0px; padding-top: 0px; padding-right: 0px; padding-bottom: 0px; padding-left: 0px; background-image: none !important; background-attachment: initial !important; background-origin: initial !important; background-clip: initial !important; background-color: initial !important; background-position: initial initial !important; background-repeat: initial initial !important; ">Засыпаем головой в одну сторону, просыпаемся в другу, совершенно в другой части кроватки..</p><p style="margin-top: 0px; margin-right: 0px; margin-bottom: 12px; margin-left: 0px; padding-top: 0px; padding-right: 0px; padding-bottom: 0px; padding-left: 0px; background-image: none !important; background-attachment: initial !important; background-origin: initial !important; background-clip: initial !important; background-color: initial !important; background-position: initial initial !important; background-repeat: initial initial !important; ">А еще, а еще мы улыбаемся с первой минуты рождения… Когда мне показали ее в операционной, завернутый в пеленку мой родной комочек мне улыбался!</p><p style="margin-top: 0px; margin-right: 0px; margin-bottom: 12px; margin-left: 0px; padding-top: 0px; padding-right: 0px; padding-bottom: 0px; padding-left: 0px; background-image: none !important; background-attachment: initial !important; background-origin: initial !important; background-clip: initial !important; background-color: initial !important; background-position: initial initial !important; background-repeat: initial initial !important; ">Вот!.. Нужно обязательно все запомнить, что бы потом ей рассказать))</p></span>', NULL, '19,20,21,22,23,28', ''),
(103, 37, '2013-03-12', 'Мое первое купание в ванночке', 'В первый раз я купался в ванночке дома через неделю после появления на свет, потому как мне делали прививки в родильном доме. Я заметил, что родители очень волновались, но успешно справились! Папочка меня держал, а мамочка мыла. Первое мое купание было с твердым детским мылом, моей коже это не понравилось, появилось шелушение. Фотографии этого события у меня к сожалению нет<br>', NULL, '1', ''),
(104, 37, '2013-04-07', 'Мой первый заплыв!', 'Мои родители купили мне круг на шею для плавания! Папа очень боялся за меня, а зря! Я сначала не понял что к чему и поплавал совсем чуть-чуть. Зато потом устраивал заплывы! Мне очень понравилось! Плавал от края ванны до края. Иногда утыкался о конец ванны, но все равно усердно плыл, пока меня папа не развернет в нужную сторону! <br>', '51df2c6f18708.jpg', '1', ''),
(105, 37, '2013-04-06', 'Имянаречение', 'В 12.40 мне дали новое имя в I соборной мечети на Тукаева! Я в это время сладко спал на журнальном столике. Мулла громко читал молитву, спать мне мешал, я даже в конце немного поплакал. Потом все вместе поехали к нам домой, пить чай с тортиком. В этот солнечный день о мной были мои любимые родители, татайка Рауил, няняйка Ильмера, няняйка Альмира, тетя Лена, дядя Ильдар и сестричка Дианочка! <br>', '51df2eb50180e.jpg', '3', ''),
(106, 37, '2013-04-10', 'Поворот с живота на бок', 'Я очень не хотел лежать на животике и сам перевернулся на бочок, мама снова положила меня на животик, а я снова перевернулся на бок! <br>', NULL, '21', ''),
(107, 37, '2013-04-05', 'На животике лежу, все вокруг смотрю!', 'Я уже хорошо держу голову, лежа на животике. Даже поворачиваю на бок, чтобы рассмотреть все вокруг! <br>', NULL, '19', ''),
(108, 37, '2013-04-01', 'Мой новый поворот!', 'Теперь я умею самостоятельно переворачиваться с бока на спинку! Мне так спать удобней! Но мама все равно подтыкает одеяло мне под спинку, чтобы я спал на боку<br>', NULL, '21', ''),
(109, 37, '2013-04-01', 'От улыбки станет всем светлей!', 'Теперь я умею немного улыбаться!<br>', NULL, '20', ''),
(110, 37, '2013-07-01', 'Новые успехи', 'Наконец то у меня получилось перевернуться со спины на животик!<br>', NULL, '21', ''),
(111, 37, '2013-04-01', 'Учусь разговаривать и вести диалог! ', 'Меня еще пока никто не понимает, но охотно ведут со мной беседу!<br>', NULL, '40', ''),
(112, 37, '2013-04-22', 'Ухмылочка', 'Я в первый раз ухмыльнулся маме в машине и сладко заснул. Мы ехали на машине татайки на Бакалинскую<br>', NULL, '41', ''),
(113, 37, '2013-06-18', 'Ой, боюсь щекотки!', 'Меня щекотят, я изредка заливисто смеюсь! Но в основном визжу!))<br>', NULL, '41', ''),
(114, 37, '2013-06-20', 'Смешная мама!', 'Мама меня купала и смешила звуками "буль-буль-буль"<br>', NULL, '41', ''),
(115, 37, '2013-07-05', 'Вместе смеяться веселей!', 'Отвечаю смехом на смех. Мне нравится смеяться хором! <br>', NULL, '41', ''),
(116, 37, '2013-05-15', 'Мааа!', 'Что то не уютно мне, надо маму срочно звать! Хнычу и кричу "Маааа", "Мам"<br>', NULL, '42', ''),
(117, 37, '2013-04-01', 'Моя первая игрушка!', 'Папочка подарил мне на рождение большого плюшевого мишку! Я всегда с ним разговариваю, пока родители меня переодевают. Мишка иногда мне песенки поет! Люблю своего дружочка! <br>', NULL, '51', ''),
(118, 37, '2013-03-12', 'Мой врач', 'Мой педиатр - Рундэ Эльвира Магсумовна. Мне она с первого дня знакомства нравится, я ее внимательно слушал, смотрел в глаза.<br>А на приеме, когда мне было 3 месяца, я ей очень громко и радостно рассказывал последние новости! Надо мной все смеялись - мама, врач, медсестра и интерн. <br>', NULL, '56', ''),
(119, 37, '2012-05-29', 'Аист готовится к перелету!', 'Я был послан с небес дедушкой моей мамы, которого звали Мират. Он каждый день снился моей маме, в течении недели, пока она не узнала, что я живу у нее в животике! Все три месяца наш сон оберегал прадедушка, так мило и счастливо улыбался в снах! Мамочка догадалась, что я мальчик, и планирую появиться на свет 5 марта, в день рождения прадеда Мирата! Так и случилось! <br>', NULL, '67', ''),
(120, 37, '2012-07-13', 'Признаки беременности', 'Маме в этот день было очень плохо - жутко хотела спать, ее мутило от всего вокруг, но нужно было ехать на учебу. Это был последний день перед экзаменом. Я и раньше посылал намеки, но она не обращала внимания.<br>', NULL, '68', ''),
(121, 37, '2012-07-16', 'Первое знакомство!', 'В 19.00 часов меня впервые увидели на мониторе мама и тетя Алина. Познакомились мы в 22 больнице и даже сделали мою первую фотографию! <br>', NULL, '', ''),
(122, 37, '2013-03-05', 'Моя первая фотография после рождения', 'Именно эту фотографию мама отправила ММСкой папочке! Он потом хвастался всем моим портретом! <br>Я здесь еще немного припухший. Мне здесь 5 часов 46 минут! <br>', '51df3db5bcb9a.jpg', '70', ''),
(123, 37, '2012-09-26', 'Приветик из животика!', 'Мама кушала вкусное зеленое яблочко, а я тихонечко пузырил в животе справа, спасибо посылал! <br>Когда я немного подрос, то пинал папулечку по почкам, пока мама сладко спала, прижавшись к папе животиком! Еще я любил выставлять сильно пяточку в мамин бочок, ей приходилось заталкивать мою ножку обратно, иногда ее печень задевал нечаянно, мама ОХала... А еще мне нравилось потягиваться в животе, кажется родители поняли, что это моя попа, большущий бугорок получался слева у мамы. Папа меня любя хлопал в такие моменты по попке и я ее быстренько прятал! Родители смеялись, когда у мамы животик подпрыгивал, это я икал так..&nbsp; <br>', NULL, '72', ''),
(124, 37, '2013-03-05', 'Первое путешествие на машине!', 'Моя первая поездка была из роддома домой, на красивой черной машине с кожаным салоном! Сначала меня держал на руках мой папочка, он был самым счастливым на всем белом свете! Я ему понравился! А потом я громко запищал и вторую половину пути меня держала мама. <br>', '51df42984316c.jpg', '58', ''),
(125, 37, '2013-03-05', 'Выписка из роддома!', 'В роддоме про нашу выписку забыли, вокруг была суета - мама спешно проходила осмотр врачом, впопыхах собирала вещи, держа меня на руках, а папе и няняйке Альмире предстояло быстренько подготовить квартиру к нашему приезду домой! Покушать я толком не успел, поэтому расплакался, когда меня почти переодели в выписной комнате. Папа встретил маму с красивым букетом белых роз, потом взял меня на ручки и с нежностью и любовь посмотрел на меня, вот так мы познакомились! Папочка у меня самый лучший! Нас встречали татайка Рауль, няняйка Ильмера, тетя Алина, сестричка Элиночка и братик Эльмирчик. Мы долго фотографировались. Папе не терпелось привезти нас домой. Он гордо и осторожно нес меня по заснеженной тропинке к машине. Дома нас встретила няняйка Альмира, развернула мой конверт и долго разглядывала меня, улыбаясь. Потом был скромный праздничный стол в тесном семейном кругу. Когда все гости ушли, папочка с мамочкой смотрели как я сплю в кроватке, улыбка не сходила с их лиц, они светились от счастья! <br>', '51df47b6cc802.jpg', '', ''),
(126, 11, '2013-07-11', 'Нам 1год и 9мес.', 'Вот и стали на месяц взрослей.Тимка много что уже умеет,много говорит и активно выражает свои эмоции. Он молодец!', '51dfdf00c4394.jpg', '', ''),
(127, 42, '2013-07-10', 'Вот мы и перевернулись!', 'Пока еще один раз, и только &nbsp;в кроватке, видать там удобней) &nbsp;', NULL, '21', ''),
(128, 42, '2013-07-12', 'Что мы умеем)', 'Съездили вчера к бабушке Ире...Взяла она на ручки Софийку, а мы как зарыдаааем, да так что успокоились только тогда, как ушли от бабушки и то спустя минут 15....Оказывается, мы ооочень боимся чужих, а точнее еще не знаем своих родственников..Ну с одной стороны это хорошо конечно, а с другой...ни с кем не оставить теперь) Мамина доча)', NULL, '4,19,20,21,22,23,40,51,54', ''),
(129, 10, '2013-07-12', 'поделка', '<font face="Arial" size="2">Сегодня на занятиях Алиса делала поделку - вазу с цветами.&nbsp;<span style="color: rgb(34, 34, 34); line-height: 20px; background-color: rgb(250, 250, 250);">Идея для творчества с малышом-выбираете фон, мама рисует вазу и стебли цветов, малыш прилепляет шарики из пластилина, прижимая их пальчиком, украшая вазу. А потом прикрепляет бабочек из фольги на пластилиновые шарики. Алиса правда еще вазу раскрасила. Домашнее занятие от педагога Марины - сделать цветочки.</span></font>', '51e058e2b5a44.jpg', '', 'развивашки'),
(130, 10, '2013-07-12', 'гимнастика', 'Алиса с удовольствием ходит на гимнастику. В основном в группе дети около 3х лет. Алиса самая младшая, но она старается сильно -сильно!', '51e05943f0d7b.jpg', '', 'спортивная жизнь'),
(131, 29, '2013-07-12', 'Художества', 'Рисовал пальчиковыми красками. Очень очень понравилось ему! Говорят, что малыш может не более 30 секунд удерживать внимание - врут! Весь извазюкался и не меньше 5 минут точно! Настроение потом было отличное: пел, болтал, ползал! Очень здорово! А на прогулке вечером еще и березку трогал) вцепился в нее обеими руками и ногами. Вообще любой интересный предмет всегда еще и ногами стремится схватить и подержать.  ', NULL, '', ''),
(132, 50, '2012-08-09', 'Речь', 'Первый смех<br>', NULL, '41', ''),
(133, 50, '2012-08-31', 'Умения', 'Перевернулась со спины на живот<br>', NULL, '21', ''),
(134, 50, '2012-07-09', 'Умения', 'Перевернулась с живота на спину<br>', NULL, '21', ''),
(135, 50, '2012-10-25', 'Речь', 'Сказала "мама" "баба" "да"<br>', NULL, '42', ''),
(136, 50, '2012-11-01', 'Речь', 'Сказала "баобаб"<br>', NULL, '', ''),
(137, 50, '2012-11-10', 'Вне дома', 'Первая поездка в магазинной тележке в Финляндии в магазине "DisasFish"<br>', NULL, '58', ''),
(138, 50, '2013-07-11', 'Речь', 'Собака - аф-аф<br>Машина - бр-бр<br>Упало - бах<br>Топ-топ - тёпь-тёпь<br>Кушать - ам<br>', NULL, '43', ''),
(139, 50, '2013-06-20', 'Развитие', 'Увидела на улице собаку - мопса, когда ела сушку. Собака подбежала к Ане. Хозяйка собаки сказала, что он очень любит сушки. Мама спросила, поделиться ли Аня сушкой, на что она затолкала всю сушку в рот и развела руками в стороны "мол нечем делиться, нет сушки"<br>', NULL, '', ''),
(140, 50, '2012-11-26', 'Умения', 'первый раз встала в кроватке<br>', NULL, '29', '');

-- --------------------------------------------------------

--
-- Table structure for table `diary_comments`
--

CREATE TABLE IF NOT EXISTS `diary_comments` (
  `id` int(10) unsigned NOT NULL auto_increment,
  `diary_id` int(10) unsigned NOT NULL,
  `user_id` int(10) unsigned NOT NULL,
  `text` text NOT NULL,
  `datetime` datetime NOT NULL,
  PRIMARY KEY  (`id`),
  KEY `comment_diary` (`diary_id`),
  KEY `comment_user` (`user_id`)
) ENGINE=InnoDB  DEFAULT CHARSET=utf8 AUTO_INCREMENT=12 ;

--
-- Dumping data for table `diary_comments`
--

INSERT INTO `diary_comments` (`id`, `diary_id`, `user_id`, `text`, `datetime`) VALUES
(1, 36, 15, 'Тест', '2013-03-11 00:19:49'),
(2, 15, 15, 'Тест', '2013-03-11 00:20:39'),
(3, 36, 15, 'Тестик', '2013-03-11 00:21:52'),
(4, 66, 27, 'Было интересно, но в некоторых игровых комнатах душновато.\r\nНужно добавить фоток.', '2013-04-16 00:51:25'),
(5, 77, 12, 'Йогиня )))Пора брать у вас мастер-класс!!!', '2013-04-25 00:49:07'),
(6, 75, 12, 'Скину фото как она это делала у Тимки в гостях ))))', '2013-04-25 00:50:13'),
(7, 77, 11, 'спортсменки', '2013-04-25 01:01:08'),
(8, 78, 11, 'Тима - молодец! Уже телефон освоил, вот она сила горшка!', '2013-04-26 00:17:16'),
(9, 57, 28, 'Гошин кот!', '2013-06-11 14:42:02'),
(10, 92, 35, 'Директор Луки ))))))давно ни чего не писали! Ждем ! Очень интересно!целую бабуля!', '2013-06-24 10:10:38'),
(11, 129, 11, 'Надо делать ДЗ', '2013-07-12 23:30:44');

-- --------------------------------------------------------

--
-- Table structure for table `diary_milestones`
--

CREATE TABLE IF NOT EXISTS `diary_milestones` (
  `id` int(10) unsigned NOT NULL auto_increment,
  `pos` int(11) NOT NULL,
  `tab` int(11) NOT NULL,
  `name` varchar(255) NOT NULL,
  PRIMARY KEY  (`id`),
  KEY `tab_key` (`tab`)
) ENGINE=MyISAM  DEFAULT CHARSET=utf8 AUTO_INCREMENT=75 ;

--
-- Dumping data for table `diary_milestones`
--

INSERT INTO `diary_milestones` (`id`, `pos`, `tab`, `name`) VALUES
(1, 1, 1, 'купание'),
(2, 2, 1, 'попробовал яблоко, лимон, печенье'),
(3, 3, 1, 'праздник'),
(4, 4, 1, 'тянется к игрушке'),
(5, 5, 1, 'задувает свечку'),
(6, 6, 1, 'первый зуб'),
(7, 7, 1, 'крестины'),
(8, 8, 1, 'сходил на горшок'),
(9, 9, 1, 'прикорм'),
(10, 10, 1, 'ест с ложки'),
(11, 11, 1, 'первые шаги'),
(12, 12, 1, 'машет "пока-пока"'),
(13, 13, 1, 'делает "ладушки, воздушный поцелуй"'),
(14, 14, 1, 'строит башню, собирает пирамидку'),
(15, 15, 1, 'пользуется расческой, телефоном'),
(16, 16, 1, 'задувает свечку'),
(17, 17, 1, 'первая любовь'),
(18, 18, 1, 'самое первое слово'),
(19, 1, 2, 'держит голову'),
(20, 2, 2, 'улыбается'),
(21, 3, 2, 'переворачивается'),
(22, 4, 2, 'рассматривает руки'),
(23, 5, 2, 'различает "своих" и "чужих"'),
(24, 6, 2, 'пьет из чашки'),
(25, 7, 2, 'сидит без поддержки'),
(26, 8, 2, 'становится на четвереньки'),
(27, 9, 2, 'ползает на четвереньках'),
(28, 10, 2, 'знает свое имя'),
(29, 11, 2, 'встает у опоры'),
(30, 12, 2, 'ищет спрятанную игрушку'),
(31, 13, 2, 'стоит самостоятельно'),
(32, 14, 2, 'ходит с поддержкой'),
(33, 15, 2, 'танцует'),
(34, 16, 2, 'показывает предметы, части тела'),
(35, 17, 2, 'ходит самостоятельно'),
(36, 18, 2, 'ест ложкой'),
(37, 19, 2, 'выполняет просьбы'),
(38, 20, 2, 'знает основные цвета'),
(39, 21, 2, 'бегает'),
(40, 1, 3, 'гулит'),
(41, 2, 3, 'смеется'),
(42, 3, 3, 'лепечет "ма-ма" "да-да" "тя-тя"'),
(43, 4, 3, 'первые слова обозначения (собака "ав-ав", машина "би-би")'),
(44, 5, 3, 'первые слова (как произносит и что обозначает)'),
(45, 6, 3, 'говорит мама-папа'),
(46, 7, 3, 'знает слово "нельзя"'),
(47, 1, 4, 'деятельность (качаться на качелях)'),
(48, 2, 4, 'музыка'),
(49, 3, 4, 'еда'),
(50, 4, 4, 'друзья'),
(51, 5, 4, 'игрушки'),
(52, 6, 4, 'книги'),
(53, 7, 4, 'мультфильмы'),
(54, 8, 4, 'выражения, слова'),
(55, 9, 4, 'одежда'),
(56, 1, 5, 'доктор'),
(57, 2, 5, 'музей, зоопарк'),
(58, 3, 5, 'путешествие на машине'),
(59, 4, 5, 'авиаполет'),
(60, 5, 5, 'в гости к родственникам'),
(61, 6, 5, 'прогулки'),
(62, 7, 5, 'игры в песочнице'),
(63, 8, 5, 'спорт'),
(64, 9, 5, 'ресторан'),
(65, 10, 5, 'вечеринка'),
(66, 11, 5, 'отпуск'),
(67, 1, 6, 'зачатие'),
(68, 2, 6, 'признаки беременности'),
(69, 3, 6, 'первое узи'),
(70, 4, 6, 'первое фото'),
(71, 5, 6, 'мои необычные желания'),
(72, 6, 6, 'первые шевеления'),
(73, 7, 6, 'у нас будет (пол малыша)');

-- --------------------------------------------------------

--
-- Table structure for table `diary_milestones_tabs`
--

CREATE TABLE IF NOT EXISTS `diary_milestones_tabs` (
  `id` int(10) unsigned NOT NULL auto_increment,
  `pos` int(11) NOT NULL,
  `name` varchar(255) NOT NULL,
  PRIMARY KEY  (`id`)
) ENGINE=MyISAM  DEFAULT CHARSET=utf8 AUTO_INCREMENT=7 ;

--
-- Dumping data for table `diary_milestones_tabs`
--

INSERT INTO `diary_milestones_tabs` (`id`, `pos`, `name`) VALUES
(1, 1, 'Впервые'),
(2, 2, 'Умения'),
(3, 3, 'Речь'),
(4, 4, 'Предпочтения'),
(5, 5, 'Вне дома'),
(6, 6, 'До рождения');

-- --------------------------------------------------------

--
-- Table structure for table `news`
--

CREATE TABLE IF NOT EXISTS `news` (
  `id` int(10) unsigned NOT NULL auto_increment,
  `title` varchar(255) NOT NULL,
  `date` date NOT NULL,
  `text` text NOT NULL,
  `image` varchar(50) default NULL,
  PRIMARY KEY  (`id`)
) ENGINE=InnoDB  DEFAULT CHARSET=utf8 AUTO_INCREMENT=15 ;

--
-- Dumping data for table `news`
--

INSERT INTO `news` (`id`, `title`, `date`, `text`, `image`) VALUES
(8, 'Бета-версия сайта Leadmama.ru', '2013-03-17', '<p>\r\n	18 марта запускается бета-версия нашего сайта. Это процесс, который поможет нам с вашей помощью провести активное тестирование функционала сервиса.</p>\r\n<p>\r\n	Дорогие участники, ждем ваши отзывы и предложения по адресу:</p>\r\n<p>\r\n	hello@leadmama.ru</p>\r\n<p>\r\n	Заранее спасибо за помощь, команда Leadmama.ru</p>\r\n', NULL),
(12, 'Мы начинаем', '2013-06-02', '<p>\r\n	Дорогие мамы! Наша команда рада сообщить, что Leadmama.ru начинает работу для вас.</p>\r\n<h3>\r\n	<img alt="старт проекта" src="/upload/userfiles/images/leadmama1.jpg" style="margin-right: 10px; float: left; width: 243px; height: 256px;" /></h3>\r\n<p>\r\n	Мы закончили тестирование функционала дневника. Теперь каждая мама сможет записывать все, что происходит с малышом.</p>\r\n<p>\r\n	По ссылке вы найдете инструкцию, как вести дневник и делиться новостями.&nbsp;</p>\r\n<p>\r\n	&nbsp;<a class="bullet read-more" href="http://leadmama.ru/page/instruction">Как пользоваться онлайн дневником</a></p>\r\n<p>\r\n	Итак, начинаем!</p>\r\n<p>\r\n	Команда Leadmama.ru</p>\r\n<p>\r\n	&nbsp;</p>\r\n<p>\r\n	&nbsp;</p>\r\n', NULL),
(14, 'Leadmama - победитель питча проектов на Мама 2.0', '2013-06-30', '<h3>\r\n	<img alt="успешная мама" src="/upload/userfiles/images/hG6MwZ-lmgg.jpg" style="margin-right: 10px; float: left; width: 200px; height: 301px;" />Ура! Мы победили!</h3>\r\n<p>\r\n	Leadmama.ru - победитель конкурса проектов на питче Мама 2.0! В рамках мероприятия&nbsp;<a href="http://startupwomen.ru/mama20" target="_blank">MAMA 2.0</a>&nbsp;на одной площадке собрались проекты для родителей и детей, разработчиков, менторов и инвесторов. Руководитель Leadmama.ru Анна Буданова презентовала проект перед экспертным жюри. Мы получили высокую оценку нашей работы и награду из рук инвесторов мероприятия.</p>\r\n<div class="like_block">\r\n	<div id="vk_like">\r\n		&nbsp;</div>\r\n	<script type="text/javascript">\r\nVK.Widgets.Like("vk_like", {type: "button"});\r\n</script>\r\n	<div id="fb-root">\r\n		&nbsp;</div>\r\n	<script>(function(d, s, id) {\r\n  var js, fjs = d.getElementsByTagName(s)[0];\r\n  if (d.getElementById(id)) return;\r\n  js = d.createElement(s); js.id = id;\r\n  js.src = "//connect.facebook.net/ru_RU/all.js#xfbml=1";\r\n  fjs.parentNode.insertBefore(js, fjs);\r\n}(document, ''script'', ''facebook-jssdk''));</script>\r\n	<div class="fb-like" data-layout="button_count" data-send="false" data-show-faces="false" data-width="450">\r\n		&nbsp;</div>\r\n</div>\r\n<div class="share42init" data-path="/images/">\r\n	&nbsp;</div>\r\n<script type="text/javascript" src="/js/share42.js"></script>\r\n<p style="clear:both">\r\n	&nbsp;</p>\r\n<p>\r\n	&nbsp;</p>\r\n<p>\r\n	&nbsp;</p>\r\n', NULL);

-- --------------------------------------------------------

--
-- Table structure for table `pages`
--

CREATE TABLE IF NOT EXISTS `pages` (
  `id` int(10) unsigned NOT NULL auto_increment,
  `alias` varchar(255) NOT NULL,
  `title` varchar(255) NOT NULL,
  `text` text NOT NULL,
  `sidebar` text NOT NULL,
  `meta_keywords` varchar(255) default NULL,
  `meta_description` text,
  PRIMARY KEY  (`id`)
) ENGINE=InnoDB  DEFAULT CHARSET=utf8 AUTO_INCREMENT=53 ;

--
-- Dumping data for table `pages`
--

INSERT INTO `pages` (`id`, `alias`, `title`, `text`, `sidebar`, `meta_keywords`, `meta_description`) VALUES
(1, 'soglashenie', 'Соглашение', '<h3>\r\n	Пользовательское соглашение на использование сервиса Leadmama.ru</h3>\r\n<p>\r\n	Настоящее Соглашение регулирует отношения между Пользователем, решившим использовать сайт, и Администрацией сайта (далее - Администрация). Регистрируясь на сайте Leadmama, Вы подтверждаете, что прочитали, поняли и согласны соблюдать настоящее Соглашение. Если вы не согласны с этими условиями, Вы можете отказаться от использования услуги в любое время.<br />\r\n	<br />\r\n	<strong>Пользователь обязуется:</strong></p>\r\n<ul>\r\n	<li>\r\n		Иметь только одну учетную запись и сообщать о себе в ней достоверную информацию. Администрация может блокировать множественные учетные записи, принадлежащие одному лицу. Кроме случая, если у вас 2 и более ребенка, вы можете создавать несколько учетных записей.</li>\r\n	<li>\r\n		Размещать информацию, не нарушая авторских прав третьих лиц.</li>\r\n	<li>\r\n		Публиковать информацию в удобном для восприятия виде, избегая нечитабельного текста. Это важно для создания печатного варианта вашего онлайн дневника.</li>\r\n	<li>\r\n		Размещать фотографии хорошего качества</li>\r\n	<li>\r\n		Вся информация размещенная под вашим аккаунтом является вашей интеллектуальной собственностью.</li>\r\n	<li>\r\n		Не публиковать информацию, противоречащую законодательству РФ, содержащую призывы экстремистского толка, мат, пропаганду наркотиков, пропаганду насилия, способствующую разжиганию межнациональной розни.</li>\r\n	<li>\r\n		Не использовать сервис для распространения спама и несанкционированной рекламы.</li>\r\n</ul>\r\n<p>\r\n	<strong>Администрация:</strong></p>\r\n<ul>\r\n	<li>\r\n		Обязуется принимать меры к защите личной информации пользователей, размещенной на сайте, и не раскрывать ее третьим лицам, кроме случаев, предусмотренных законодательством.</li>\r\n	<li>\r\n		Не обязана проверять достоверность размещаемой пользователями информации и не несет ответственности за ущерб, вызванный использованием сайта, в частности, связанный с размещением информации или вызванный техническими сбоями.</li>\r\n	<li>\r\n		Администрация вправе удалять несанкционированную рекламу и блокировать учетные записи нарушителей, удалять информацию, противоречащую правилам, а так же иную, на усмотрение Администрации.</li>\r\n	<li>\r\n		Администрация вправе дополнять или изменять данное соглашение без согласия пользователей с уведомлением их через систему новостей сайта.</li>\r\n</ul>\r\n<p>\r\n	Зарегистрировавшись вы даете согласие на получение по электронной почте сообщений, касающиеся изменений в соглашении о конфиденциальности и в пользовательском соглашении.</p>\r\n<p>\r\n	Продолжение использования сервиса после изменения в Положение о конфиденциальности будет означать принятие пересмотренной политикой конфиденциальности.</p>\r\n<h3>\r\n	Какие данные размещает пользователь и для чего Администрация их использует</h3>\r\n<p>\r\n	Администрация стремится полностью защищать персональные данные Пользователя, которые Вы предоставляете нам при регистрации и использовании сайта. Администрация не продает, не делится и не передает информацию с вашего аккаунта. Кроме случаев, предусмотренных законодательством.</p>\r\n<p>\r\n	Администрация получает следующую личную информацию в процессе начальной регистрации на сайте:</p>\r\n<ul>\r\n	<li>\r\n		ФИО</li>\r\n	<li>\r\n		Адрес электронной почты</li>\r\n</ul>\r\n<p>\r\n	Администрация использует эти данные для создания профиля владельца аккаунта. Адрес электронной почты будет использоваться как ваш логин на сайте Leadmama.ru. Пользователь может приглашать к просмотру и комментированию дневника родственников и друзей. Для это необходимо указывать электронную почту приглашаемого</p>\r\n', '', 'user agreement', 'user agreement'),
(3, 'services', 'Сервисы', '<h3>\r\n	Дорогие мамы,</h3>\r\n<p>\r\n	С помощью нашей студии вы можете распечатать онлайн записи с аккаунта в виде фотодневника Leadbook.</p>\r\n<div>\r\n	<h3>\r\n		<img src="/upload/userfiles/images/1.jpg" style="margin-right: 10px; float: left; width: 100px; height: 100px;" />Варианты дизайна фотодневника</h3>\r\n	<h4>\r\n		<a class="bullet read-more" href="http://leadmama.ru/page/ali%D1%81e">Фотодневник LeadBook Girl</a></h4>\r\n	<h4>\r\n		<a class="bullet read-more" href="http://leadmama.ru/page/vanya">Фотодневник LeadBook Boy</a></h4>\r\n	<h4>\r\n		<a class="bullet read-more" href="http://leadmama.ru/page/art">Книга творчества ArtBook</a></h4>\r\n	<p>\r\n		&nbsp;</p>\r\n	<h3>\r\n		<img src="/upload/userfiles/images/5.JPG" style="margin-right: 10px; float: left; width: 100px; height: 100px;" />Варианты исполнения</h3>\r\n	<h4>\r\n		<a class="bullet read-more" href="http://leadmama.ru/register">Фотодневник в твердой обложке</a>&nbsp;&nbsp;1999 руб 60 стр</h4>\r\n	<h4>\r\n		<a class="bullet read-more" href="http://leadmama.ru/register">Глянцевый журнал</a>&nbsp;999 руб 32 стр</h4>\r\n	<p>\r\n		&nbsp;</p>\r\n	<h3>\r\n		Способы заказа</h3>\r\n	<h4>\r\n		<a class="bullet read-more" href="http://leadmama.ru/register">Оптимум</a></h4>\r\n	<p>\r\n		Вы платите только за печать, сам альбом вы можете получить по субботам и средам в коворкинг центре с 11.00-14.00</p>\r\n	<h4>\r\n		<a class="bullet read-more" href="http://leadmama.ru/register">Эффект</a></h4>\r\n	<p>\r\n		к стоимости альбомов добавляется&nbsp;<a class="bullet read-more" href="http://leadmama.ru/page/dostavka">стоимость доставки</a>&nbsp;Одновременно с заказом вы получаете промокупон на 100 руб для оплаты заказа в нашей студии&nbsp;<a class="bullet read-more" href="http://leadmama.ru/page/market">Family Studio</a></p>\r\n	<h4>\r\n		<a class="bullet read-more" href="http://leadmama.ru/register">Премиум</a></h4>\r\n	<p>\r\n		При заказе от 2х экземпляров &nbsp;стоимость доставки меньше на 100 руб. Также вы получаете промокупон на 200 руб для оплаты в Familystudio, а также <a class="link" href="/page/aliсe">магнит Весточка о рождении</a>&nbsp;в подарок!</p>\r\n	<hr />\r\n	<h3>\r\n		<img src="/upload/userfiles/images/anna4.png" style="margin-right: 10px; float: left; width: 100px; height: 100px;" />Заказать</h3>\r\n	<div>\r\n		Выбери свой вариант и закажи по телефону +7 921 858 07 88 или по почте&nbsp;<a class="js-a" data-calls="source_remover" href="https://phpanel.ru/user/mail#" style="color: rgb(0, 0, 0); border-top-color: rgb(0, 0, 0); border-right-color: rgb(0, 0, 0); border-left-color: rgb(0, 0, 0); border-bottom-width: 1px; border-bottom-style: dotted; text-decoration: none; cursor: pointer; font-family: Arial, Helvetica, sans-serif; font-size: 13px; line-height: 17px; white-space: nowrap;">sales@leadmama.ru</a></div>\r\n	<div>\r\n		Можете оформить заказ через наши группы: &nbsp;&nbsp;</div>\r\n	<div>\r\n		<a href="http://vk.com/leadmamastudio"><img alt="" src="/upload/userfiles/images/icon_64x64.png" style="width: 30px; height: 30px;" /></a>&nbsp; &nbsp; &nbsp;<a href="https://www.facebook.com/leadmama"><img alt="" src="/upload/userfiles/images/facebook-logo-e1306520140106.png" style="width: 30px; height: 29px;" /></a>&nbsp; &nbsp; &nbsp; &nbsp; &nbsp; &nbsp;</div>\r\n	<div>\r\n		Анна Буданова</div>\r\n</div>\r\n<p>\r\n	&nbsp;</p>\r\n', '<div class="hold">\r\n	<div class="block-child">\r\n		<div class="photo-block girl">\r\n			<div>\r\n				<div class="ramka">\r\n					&nbsp;</div>\r\n				<img alt="" src="http://leadmama.ru/images/img07.png" /></div>\r\n			<h4>\r\n				<a href="/page/aliсe">Алиса</a></h4>\r\n			<em class="years">6 месяцев</em> <a class="link" href="/page/aliсe">посмотреть</a></div>\r\n		<span class="h3">Фотодневник Leadbook</span>\r\n		<p>\r\n			Это книга, которую интересно читать всей семье</p>\r\n	</div>\r\n	<div class="block-child">\r\n		<div class="photo-block boy">\r\n			<div class="ramka">\r\n				&nbsp;</div>\r\n			<div>\r\n				<img alt="" src="http://leadmama.ru/images/img08.png" /></div>\r\n			<h4>\r\n				<a href="/page/vanya">Ваня</a></h4>\r\n			<em class="years">1 год</em> <a class="link" href="/page/vanya">посмотреть</a></div>\r\n		<span class="h3">Фотодневник Leadbook</span>\r\n		<p>\r\n			&nbsp;</p>\r\n	</div>\r\n</div>\r\n<p>\r\n	&nbsp;</p>\r\n', '', ''),
(4, 'about_company', 'Наша команда', '<p>\r\n	Дорогие мамы! С радостью представляем вам нашу команду!</p>\r\n<h3>\r\n	<img src="/upload/userfiles/images/anna2.jpg" style="margin-right: 10px; float: left; width: 267px; height: 213px;" />Анна Буданова</h3>\r\n<p>\r\n	Анна - со-основатель Leadmama.ru.</p>\r\n<p>\r\n	&nbsp;<a href="http://vk.com/annbudanova"><img alt="" src="/upload/userfiles/images/icon_64x64.png" style="width: 34px; height: 34px;" /></a>&nbsp; &nbsp; &nbsp;<a href="https://www.facebook.com/anna.budanova.7"><img alt="" src="/upload/userfiles/images/facebook-logo-e1306520140106.png" style="width: 34px; height: 33px;" /></a>&nbsp; &nbsp; &nbsp;&nbsp;<a href="http://instagram.com/lanna_leadmama"><img alt="" src="/upload/userfiles/images/320354.png" style="width: 34px; height: 30px;" /></a></p>\r\n<div>\r\n	&nbsp;</div>\r\n<p>\r\n	&nbsp;</p>\r\n<hr />\r\n<h3>\r\n	<img src="/upload/userfiles/images/dima2.jpg" style="margin-right: 10px; float: left; width: 267px; height: 214px;" />Дмитрий Кокшаров</h3>\r\n<p>\r\n	Дмитрий - со-основатель Leadmama.</p>\r\n<p>\r\n	&nbsp;<a href="http://vk.com/annbudanova"><img alt="" src="/upload/userfiles/images/icon_64x64.png" style="width: 34px; height: 34px;" /></a>&nbsp; &nbsp; &nbsp;<a href="https://www.facebook.com/anna.budanova.7"><img alt="" src="/upload/userfiles/images/facebook-logo-e1306520140106.png" style="width: 34px; height: 33px;" /></a>&nbsp; &nbsp; &nbsp;&nbsp;<a href="http://instagram.com/lanna_leadmama"><img alt="" src="/upload/userfiles/images/320354.png" style="width: 34px; height: 30px;" /></a></p>\r\n<div>\r\n	&nbsp;</div>\r\n<h3>\r\n	&nbsp;</h3>\r\n<p>\r\n	&nbsp;</p>\r\n<hr />\r\n<h3>\r\n	<img src="/upload/userfiles/images/Naday2.jpg" style="margin-right: 10px; float: left; width: 267px; height: 214px;" />Надежда Бегунова</h3>\r\n<p>\r\n	Надежда - дизайнер печатной версии дневника малыша LeadBook &nbsp;и творческого альбома ArtBook.</p>\r\n<p>\r\n	&nbsp;<a href="http://vk.com/nadya_kompas"><img alt="" src="/upload/userfiles/images/icon_64x64.png" style="width: 34px; height: 34px;" /></a>&nbsp; &nbsp; &nbsp;<a href="https://www.facebook.com/leadmama"><img alt="" src="/upload/userfiles/images/facebook-logo-e1306520140106.png" style="width: 34px; height: 33px;" /></a>&nbsp; &nbsp; &nbsp;&nbsp;<a href="http://instagram.com/leadmama_studio"><img alt="" src="/upload/userfiles/images/320354.png" style="width: 34px; height: 30px;" /></a></p>\r\n<p>\r\n	&nbsp;</p>\r\n<p>\r\n	&nbsp;</p>\r\n<hr />\r\n<h3>\r\n	<img src="/upload/userfiles/images/galay3.jpg" style="margin-right: 10px; float: left; width: 267px; height: 318px;" />Галина Колмогорцева</h3>\r\n<p>\r\n	Дизайнер скрапбукинг - альбомов, скрапбукинг подарков на рождение малышей</p>\r\n<p>\r\n	<a href="http://vk.com/nadya_kompas"><img alt="" src="/upload/userfiles/images/icon_64x64.png" style="width: 34px; height: 34px;" /></a>&nbsp; &nbsp; &nbsp;<a href="https://www.facebook.com/leadmama"><img alt="" src="/upload/userfiles/images/facebook-logo-e1306520140106.png" style="width: 34px; height: 33px;" /></a>&nbsp; &nbsp; &nbsp;&nbsp;<a href="http://instagram.com/leadmama_studio"><img alt="" src="/upload/userfiles/images/320354.png" style="width: 34px; height: 30px;" /></a></p>\r\n<p>\r\n	&nbsp;</p>\r\n<p>\r\n	&nbsp;</p>\r\n<p>\r\n	&nbsp;</p>\r\n<p>\r\n	&nbsp;</p>\r\n<p>\r\n	&nbsp;</p>\r\n<hr />\r\n<h3>\r\n	<img src="/upload/userfiles/images/natasha.JPG" style="margin-right: 10px; float: left; width: 267px; height: 214px;" />Наталья Гордеева</h3>\r\n<p>\r\n	Наталья - дизайнер студии семейных традиций FamilyStudio проекта Leadmama.ru</p>\r\n<div>\r\n	<a href="http://vk.com/id297369"><img alt="" src="/upload/userfiles/images/icon_64x64.png" style="width: 34px; height: 34px;" /></a>&nbsp; &nbsp; &nbsp;<a href="https://www.facebook.com/leadmama"><img alt="" src="/upload/userfiles/images/facebook-logo-e1306520140106.png" style="width: 34px; height: 33px;" /></a>&nbsp; &nbsp; &nbsp;&nbsp;<a href="http://instagram.com/leadmama_studio"><img alt="" src="/upload/userfiles/images/320354.png" style="width: 34px; height: 30px;" /></a></div>\r\n<p>\r\n	&nbsp;</p>\r\n<p>\r\n	&nbsp;</p>\r\n<hr />\r\n<h3>\r\n	<img src="/upload/userfiles/images/ksysha.jpg" style="margin-right: 10px; float: left; width: 267px; height: 260px;" />Ксения Молодкина</h3>\r\n<p>\r\n	Ксения - стилист нашего проекта, автор рубрики по стилю для молодых мам.</p>\r\n<p>\r\n	<a href="http://vk.com/k.molodkina"><img alt="" src="/upload/userfiles/images/icon_64x64.png" style="width: 34px; height: 34px;" /></a>&nbsp; &nbsp; &nbsp;<a href="https://www.facebook.com/leadmama"><img alt="" src="/upload/userfiles/images/facebook-logo-e1306520140106.png" style="width: 34px; height: 33px;" /></a>&nbsp; &nbsp; &nbsp;&nbsp;<a href="http://instagram.com/leadmama_studio"><img alt="" src="/upload/userfiles/images/320354.png" style="width: 34px; height: 30px;" /></a></p>\r\n<p>\r\n	&nbsp;</p>\r\n<p>\r\n	&nbsp;</p>\r\n<p>\r\n	&nbsp;</p>\r\n<p>\r\n	&nbsp;</p>\r\n<p>\r\n	&nbsp;</p>\r\n<p>\r\n	&nbsp;</p>\r\n<hr />\r\n<p>\r\n	&nbsp;</p>\r\n', '', '', ''),
(6, 'information', 'Маме на заметку', '<ul class="menu">\r\n	<li>\r\n		<a href="http://leadmama.ru/page/about">О проекте</a>\r\n		<ul>\r\n			<li>\r\n				<a href="http://leadmama.ru/page/about">О проекте</a></li>\r\n			<li>\r\n				<a href="http://leadmama.ru/page/soglashenie">Пользовательское соглашение</a></li>\r\n		</ul>\r\n	</li>\r\n	<li>\r\n		<a href="http://leadmama.ru/page/about">Семейная студия</a>\r\n		<ul>\r\n			<li>\r\n				<a href="http://leadmama.ru/page/market">FamilyStudio-магазин семейных подарков</a></li>\r\n			<li>\r\n				<a href="http://leadmama.ru/page/tradition">Семейные традиции</a></li>\r\n		</ul>\r\n	</li>\r\n	<li>\r\n		<a href="http://leadmama.ru/page/about">Мамы</a>\r\n		<ul>\r\n			<li>\r\n				<a href="http://leadmama.ru/page/mother_style">Модная и стильная мама</a></li>\r\n			<li>\r\n				<a href="http://leadmama.ru/page/mother_project">Проекты для мам</a></li>\r\n		</ul>\r\n	</li>\r\n	<li>\r\n		<a href="http://leadmama.ru/page/about">Дети</a>\r\n		<ul>\r\n			<li>\r\n				<a href="http://leadmama.ru/page/mother_style">Э</a><a href="http://leadmama.ru/page/about_kids">тапы развития ребенка</a></li>\r\n			<li>\r\n				<a href="http://leadmama.ru/page/kidsweb">Интернет ресурсы и сервисы для детей</a></li>\r\n		</ul>\r\n	</li>\r\n</ul>\r\n', '', '', ''),
(7, 'about', 'О проекте', '<h3>\r\n	О ПРОЕКТЕ</h3>\r\n<p>\r\n	Проект Leadmama - это онлайн сервис для родителей. На сайте вы можете вести дневник развития вашего малыша. Мы предлагаем вам современный способ сохранить историю вашей семьи.</p>\r\n<h3>\r\n	<img src="/upload/userfiles/images/5.JPG" style="margin-right: 10px; float: left; width: 130px; height: 130px;" />ЗАПИСЫВАЙТЕ</h3>\r\n<p>\r\n	Именно сейчас происходит самое важное - растет ваш малыш. Каждая семья хочет сохранить в памяти такие моменты, как первая улыбка и свершения малыша, первые зубки. Теперь вы всегда можете быстро записать радостные события в вашем онлайн-дневнике &nbsp;<a class="bullet read-more" href="http://leadmama.ru/page/instruction">Инструкция</a></p>\r\n<p>\r\n	&nbsp;</p>\r\n<h3>\r\n	<img src="/upload/userfiles/images/10697.jpg" style="margin-right: 10px; float: left; width: 130px; height: 130px;" />ДЕЛИТЕСЬ</h3>\r\n<p>\r\n	Радуйте новостями и фотографиями малыша своих близких. Leadmama - это онлайн проект, в котором интересно участвовать родителям, детям, бабушкам и дедушкам. &nbsp;В вашем аакаунте напротив фотографии малыша нажмите кнопку Открыть доступ и отправьте приглашение для просмотра и комментирования своим близким&nbsp;<a class="bullet read-more" href="http://leadmama.ru/page/share">Как это сделать</a></p>\r\n<p>\r\n	&nbsp;</p>\r\n<h3>\r\n	<a href="leadbook"><img src="/upload/userfiles/images/oblojka2(1).bmp" style="margin-right: 10px; float: left; width: 130px; height: 130px;" /></a>СОХРАНИТЕ</h3>\r\n<p>\r\n	Ваши воспоминания вы можете сохранить в прекрасной книге Leadbook. Читайте записи и заново переживайте эти трогательные моменты. Leadbook - это книга, которую всегда будут читать родители, дети, внуки&nbsp;<a class="bullet read-more" href="http://leadmama.ru/page/services">Посмотреть образцы книг и условия заказа</a></p>\r\n<p>\r\n	&nbsp;</p>\r\n<h3>\r\n	<img src="/upload/userfiles/images/n26Y3jP5i6Y.jpg" style="margin-right: 10px; float: left; width: 130px; height: 130px;" /></h3>\r\n<h3>\r\n	ТВОРЧЕСТВО</h3>\r\n<p>\r\n	Дети - это творцы. Сохраните фотографии рисунков, поделок и творческих решений детей в виде артальбома. Artbook - это книга вашего талантливого ребенка&nbsp;</p>\r\n<p>\r\n	<a class="bullet read-more" href="http://leadmama.ru/page/services">Посмотреть образец Artbook и условия заказа</a></p>\r\n<p>\r\n	&nbsp;</p>\r\n<p>\r\n	&nbsp;</p>\r\n', '', '', ''),
(8, 'uslugi', 'Студия семейных традиций', '<p>\r\n	Закажите печать ваших онлайн записей в фотодневники Leadbook.&nbsp; Вы можете оформить ежемесячную подписку на доставку печатных страниц дневника.&nbsp; Содержимое подписки в разделе</p>\r\n<p>\r\n	<a class="bullet read-more" href="/page/services">Наши Услуги</a></p>\r\n<p>\r\n	При регистрации до 01.08.2013 вы получаете электронный журнал iLeadbook бесплатно!</p>\r\n<p>\r\n	<a class="bullet read-more" href="http://leadmama.ru/register">Зарегистрироваться и получить промокод</a></p>\r\n<p>\r\n	&nbsp;</p>\r\n', '<p>\r\n	Справа</p>\r\n', '', ''),
(9, 'right_banner', 'Баннер справа', '&nbsp;', '', '', ''),
(10, 'contact', 'Контакты', '<h3>\r\n	Наши контакты</h3>\r\n<ul>\r\n	<li>\r\n		Решили напечатать фотодневник или заказать подарок?</li>\r\n</ul>\r\n<p>\r\n	Наш телефон +7921 858 07 88 и почта&nbsp;<a class="js-a" data-calls="source_remover" href="https://phpanel.ru/user/mail#" style="color: rgb(0, 0, 0); border-top-color: rgb(0, 0, 0); border-right-color: rgb(0, 0, 0); border-left-color: rgb(0, 0, 0); border-bottom-width: 1px; border-bottom-style: dotted; text-decoration: none; cursor: pointer; font-family: Arial, Helvetica, sans-serif; font-size: 13px; line-height: 17px; white-space: nowrap;">sales@leadmama.ru</a></p>\r\n<ul>\r\n	<li>\r\n		Возникли технические проблемы? Пишите специалистам на <a class="js-a" data-calls="source_remover" href="https://phpanel.ru/user/mail#" style="color: rgb(0, 0, 0); border-top-color: rgb(0, 0, 0); border-right-color: rgb(0, 0, 0); border-left-color: rgb(0, 0, 0); border-bottom-width: 1px; border-bottom-style: dotted; text-decoration: none; cursor: pointer; font-family: Arial, Helvetica, sans-serif; font-size: 13px; line-height: 17px; white-space: nowrap;">support@leadmama.ru</a></li>\r\n	<li>\r\n		Следите за новостями проекта в социальных медиа</li>\r\n</ul>\r\n<p>\r\n	&nbsp; &nbsp; &nbsp; &nbsp; &nbsp; &nbsp; &nbsp;<a href="http://vk.com/leadmamastudio"><img alt="" src="/upload/userfiles/images/icon_64x64.png" style="width: 50px; height: 50px;" /></a>&nbsp; &nbsp; &nbsp; &nbsp; &nbsp;<a href="https://www.facebook.com/leadmama"><img alt="" src="/upload/userfiles/images/facebook-logo-e1306520140106.png" style="width: 51px; height: 50px;" /></a>&nbsp; &nbsp; &nbsp; &nbsp; &nbsp;<a href="http://instagram.com/leadmama_studio"><img alt="" src="/upload/userfiles/images/320354.png" style="width: 57px; height: 50px;" /></a></p>\r\n<p>\r\n	&nbsp;</p>\r\n<p>\r\n	&nbsp;</p>\r\n', '<p>\r\n	<img alt="" src="/upload/userfiles/images/anna4.png" style="width: 183px; height: 183px;" /></p>\r\n', 'contact', 'contact'),
(11, 'leadbook', 'Leadbook', '<h3>\r\n	<img align="left" height="100" style="margin-right: 10px" width="100" />LeadBook Boy</h3>\r\n<p>\r\n	Альбом выполнен</p>\r\n', '', '', ''),
(14, 'market', 'FamilyStudio', '<p>\r\n	В нашей студии вы можете найти и заказать подарки на рождение малышей.</p>\r\n<hr />\r\n<h3>\r\n	<img alt="подарок на рождение" src="/upload/userfiles/images/20130524_scrapbook_OK_01.jpg" style="margin-right: 10px; float: left; width: 267px; height: 178px;" />Объемная рамка для детской комнаты</h3>\r\n<p>\r\n	LeadBox Girl - это объемная рамка c весточкой о рождении малышей!</p>\r\n<p>\r\n	Цена 990 руб+печать фотографии бесплатно!</p>\r\n<p>\r\n	<a class="bullet read-more" href="http://leadmama.ru/page/birthann">Варианты исполнения и условия заказа</a></p>\r\n<p>\r\n	&nbsp;</p>\r\n<hr />\r\n<h3>\r\n	<img src="/upload/userfiles/images/vestochka/7b.jpg" style="margin-right: 10px; float: left; width: 267px; height: 178px;" /></h3>\r\n<h3>\r\n	Открытка-поздравление с рождением малыша</h3>\r\n<p>\r\n	LeadCard - это открытка с вашими поздравлениями для молодой семьи!</p>\r\n<p>\r\n	Цена 190 руб!</p>\r\n<p>\r\n	<a class="bullet read-more" href="http://leadmama.ru/page/cards">Варианты исполнения и условия заказа</a></p>\r\n<p>\r\n	&nbsp;</p>\r\n<hr />\r\n<h3>\r\n	<img src="/upload/userfiles/images/arsenij_3.jpg" style="margin-right: 10px; float: left; width: 267px; height: 188px;" />Открытки и постеры А4 с весточкой о рождении</h3>\r\n<p>\r\n	LeadPoster - это открытка или постер в рамке с памятной записью о рождении малыша!</p>\r\n<p>\r\n	Цена от 30 руб!</p>\r\n<p>\r\n	<a class="bullet read-more" href="http://leadmama.ru/page/postcard">Варианты исполнения и условия заказа</a></p>\r\n<p>\r\n	&nbsp;</p>\r\n<hr />\r\n<p>\r\n	&nbsp;</p>\r\n<h3>\r\n	<img src="/upload/userfiles/images/anna4.png" style="margin-right: 10px; float: left; width: 100px; height: 100px;" />Заказать</h3>\r\n<div>\r\n	Выбери свой вариант и закажи по телефону +7 921 858 07 88 или по почте&nbsp;<a class="js-a" data-calls="source_remover" href="https://phpanel.ru/user/mail#" style="color: rgb(0, 0, 0); border-top-color: rgb(0, 0, 0); border-right-color: rgb(0, 0, 0); border-left-color: rgb(0, 0, 0); border-bottom-width: 1px; border-bottom-style: dotted; text-decoration: none; cursor: pointer; font-family: Arial, Helvetica, sans-serif; font-size: 13px; line-height: 17px; white-space: nowrap;">sales@leadmama.ru</a></div>\r\n<div>\r\n	Можете оформить заказ через наши группы: &nbsp;&nbsp;</div>\r\n<div>\r\n	<a href="http://vk.com/leadmamastudio"><img alt="" src="/upload/userfiles/images/icon_64x64.png" style="width: 30px; height: 30px;" /></a>&nbsp; &nbsp; &nbsp;<a href="https://www.facebook.com/leadmama"><img alt="" src="/upload/userfiles/images/facebook-logo-e1306520140106.png" style="width: 30px; height: 29px;" /></a>&nbsp; &nbsp; &nbsp; &nbsp; &nbsp; &nbsp;</div>\r\n<div>\r\n	Анна Буданова</div>\r\n<div>\r\n	&nbsp; &nbsp; &nbsp; &nbsp;</div>\r\n<p>\r\n	&nbsp;</p>\r\n<p>\r\n	&nbsp;</p>\r\n', '', '', ''),
(15, 'instruction', 'Инструкция', '<h3>\r\n	Инструкция - Как пользоваться сайтом</h3>\r\n<p>\r\n	Leadmama представляет вам онлайн-сервисы, которые помогут вам создать дневник развития малыша</p>\r\n<h3>\r\n	<img src="/upload/userfiles/images/img09.png" style="margin-right: 10px; float: left; width: 50px; height: 49px;" />Дневник</h3>\r\n<p>\r\n	Рассказы, заметки, важные события ребенка&nbsp;<a class="bullet read-more" href="http://leadmama.ru/page/dnevnik_instruction">Подробнее</a></p>\r\n<h3>\r\n	<img src="/upload/userfiles/images/img1(1).png" style="margin-right: 10px; float: left; width: 50px; height: 49px;" /></h3>\r\n<div>\r\n	<h3>\r\n		Галерея</h3>\r\n	<p>\r\n		Сохраните фото и организуйте семейный фотоархив&nbsp;<a class="bullet read-more" href="http://leadmama.ru/page/Galereya">Подробнее</a></p>\r\n	<h3>\r\n		<img src="/upload/userfiles/images/img2.png" style="margin-right: 10px; float: left; width: 50px; height: 50px;" />О Малыше</h3>\r\n	<p>\r\n		Воспоминания о рождении и профиль малыша&nbsp;<a class="bullet read-more" href="http://leadmama.ru/page/About_baby">Подробнее</a></p>\r\n	<h3>\r\n		<img src="/upload/userfiles/images/img3.png" style="margin-right: 10px; float: left; width: 50px; height: 50px;" /></h3>\r\n	<h3>\r\n		Развитие</h3>\r\n	<p>\r\n		Диаграммы роста и веса, зубки малыша &nbsp;<a class="bullet read-more" href="http://leadmama.ru/page/razvitiemalisha">Подробнее</a></p>\r\n	<h3>\r\n		<img src="/upload/userfiles/images/img4.png" style="margin-right: 10px; float: left; width: 50px; height: 50px;" />Здоровье</h3>\r\n	<p>\r\n		Заметки о здоровье малыша, прививки, посещения врачей, первый прикорм &nbsp;<a class="bullet read-more" href="http://leadmama.ru/page/zdorovie">Подробнее</a></p>\r\n	<h3>\r\n		<img src="/upload/userfiles/images/img5.png" style="margin-right: 10px; float: left; width: 50px; height: 50px;" />Календарь</h3>\r\n	<p>\r\n		Календарь развития малыша, следи за новостями &nbsp;<a class="bullet read-more" href="http://leadmama.ru/page/kalendar">Подробнее</a></p>\r\n</div>\r\n<h3>\r\n	Осталось только &nbsp; &nbsp;&nbsp;<a class="bullet read-more" href="http://leadmama.ru/register">ЗАРЕГИСТРИРОВАТЬСЯ</a></h3>\r\n<p>\r\n	&nbsp;</p>\r\n<p>\r\n	&nbsp;</p>\r\n<p>\r\n	&nbsp;</p>\r\n', '', '', ''),
(16, 'share', 'Доступ', '<h3>\r\n	Функция Открыть доступ</h3>\r\n<p>\r\n	На странице аккаунта есть кнопка Открыть доступ. Используйте эту кнопку, чтобы открыть доступ к чтению и комментированию дневника вашего малыша.</p>\r\n<p>\r\n	<img alt="" src="/upload/userfiles/images/share2.bmp" style="width: 692px; height: 368px;" /></p>\r\n<p>\r\n	Диалоговое окно для ввода электронной почты ваших близких. Пользователь получит электронное письмо с приглашение пройти регистрацию для просмотра дневника.</p>\r\n<p>\r\n	<img alt="" src="/upload/userfiles/images/share3.bmp" style="width: 443px; height: 221px;" /></p>\r\n<p>\r\n	&nbsp;</p>\r\n', '', '', ''),
(17, 'artbook', 'Artbook', '<p>\r\n	Артбук- это книга творческих работ ребенка</p>\r\n', '', '', ''),
(19, 'about_kids', 'Этапы развития детей', '<p>\r\n	О детях</p>\r\n', '', '', '');
INSERT INTO `pages` (`id`, `alias`, `title`, `text`, `sidebar`, `meta_keywords`, `meta_description`) VALUES
(21, 'mother_style', 'Модная и стильная мама', '<h3>\r\n	<img alt="Стилист молодой мамы" src="/upload/userfiles/images/%D0%BA%D1%81%D1%8E%D1%88%D0%B0.png" style="margin-right: 10px; float: left; width: 120px; height: 122px;" />Ксения Молодкина - стилист Leadmama.ru</h3>\r\n<p>\r\n	Дорогие мамы! В этом разделе вы можете почерпнуть информацию об актуальных трендах и о том, как самостоятельно создать свой собственный уникальный стиль. Присылайте ваши вопросы с фотографиями на <span style="font-size:12px;"><a href="mailto:style@leadmama.ru?subject=Style&amp;body=Style">style@leadmama.ru</a></span><a href="mailto:style@leadmama.ru"> </a>и мы на них с радостью ответим! Ищите ответы в рубрике &laquo;Совет стилиста&raquo;.</p>\r\n<p>\r\n	Присоединяйтесь к модным мамам !&nbsp;<a href="http://vk.com/leadmamastudio"><img alt="" src="/upload/userfiles/images/icon_64x64.png" style="width: 24px; height: 24px;" /></a>&nbsp; &nbsp;&nbsp;<a href="https://www.facebook.com/leadmama"><img alt="" src="/upload/userfiles/images/facebook-logo-e1306520140106.png" style="width: 24px; height: 24px;" /></a>&nbsp; &nbsp; &nbsp;<a href="http://instagram.com/leadmama_studio"><img alt="" src="/upload/userfiles/images/320354.png" style="width: 24px; height: 24px;" /></a></p>\r\n<p>\r\n	_______________________________________________________________________________________________________________________</p>\r\n<h3>\r\n	<strong>Сам себе стилист: Настроение и образ</strong></h3>\r\n<p>\r\n	<strong><img alt="Настроение и образ" src="/upload/userfiles/images/настроение.jpg" style="width: 95px; height: 143px; float: left;" /></strong></p>\r\n<p>\r\n	Стиль таится в мелочах. Порой, целостность нашего образа полностью определяется удачно подобранной формой сумки, цветом джинсов или идентичностью цветочного рисунка летнего платья и заколки в волосах. Какие же детали определяют настроение образа и делают его стильным? Предлагаю вашему вниманию маленькие подсказки, которые помогут вам каждый день создавать приятные глазу образы, отражающие ваше настроение и соответствующие ситуации. &nbsp;&nbsp;<a class="bullet read-more" href="http://leadmama.ru/page/style1">Читать дальше</a></p>\r\n<script>function showTooltip5()\r\n{\r\nvar myDiv = document.getElementById(''tooltip5'');\r\nif(myDiv.style.display == ''none'')\r\n{\r\nmyDiv.style.display = ''block'';\r\n} else {\r\nmyDiv.style.display = ''none'';\r\n}\r\nreturn false;\r\n}</script>\r\n<p>\r\n	<a href="javascript:;" onclick="showTooltip5()">Читать дальше </a></p>\r\n<div id="tooltip5" style="display: none">\r\n	<p>\r\n		1. Настроение создают цвета. Каждый цвет обладает определенным психологическим посылом, транслируемым тому, кто на него смотрит. Синий дает ощущение прохлады и спокойствия, красный возбуждает, желтый заряжает оптимизмом, белый дарит чувство свежести, розовый &ndash; легкомысленности, коричневый &ndash; консервативности и основательности.</p>\r\n	<p>\r\n		2. Материал обуви. Лакированные туфли/ботинки подойдут исключительно для торжественных случаев или выходов в свет в сочетании с классическим нарядом. Они создают ощущение праздника и важности момента и не подходят для офиса или отдыха. Кожа &ndash; универсальный материал, его можно обыграть в различных по настроению образах. Ткань, нубук, замша &ndash; более мягкие и теплые для восприятия материалы, они идеальны для создания комфортных, повседневных или располагающих образов.</p>\r\n	<p>\r\n		3. Блуза/топ/рубашка. Что бы вы ни надели на верхнюю часть тела &ndash; блузу, рубашку, топ, футболку &ndash; помните, что заправленный верх придает образу собранности, деловитости, рациональности. Рубашка или блуза навыпуск придают образу непринужденности, расслабленности, непосредственности. Непринужденность в образе создают также закатанные рукава рубашки или футболки.</p>\r\n	<p>\r\n		4. Прическа. Если вы хотите придать образу сдержанности и транслировать деловой настрой, остановитесь на гладких и аккуратных прическах с четкими линиями. Если ваш образ сегодня расслабленный и естественный, то его идеально подчеркнут нарочито небрежные прически или естественно распущенные волосы.</p>\r\n	<p>\r\n		5. Форма имеет значение. При создании образа обращайте внимание на форму ваших аксессуаров. Четкие линии квадратных сумок, геометричных браслетов или кулонов создают впечатление жесткости, уверенности в себе, настойчивости. Округлые формы транслируют мягкость, коммуникабельность, в сочетании с цветочными образами в аксессуарах &ndash; непосредственность, наивность. Забавные рисунки или коллажи на сумках и в аксессуарах говорят о самоиронии и чувстве юмора.</p>\r\n	<div class="like_block">\r\n		<div id="vk_like">\r\n			&nbsp;</div>\r\n		<script type="text/javascript">\r\nVK.Widgets.Like("vk_like", {type: "button"});\r\n</script>\r\n		<div id="fb-root">\r\n			&nbsp;</div>\r\n		<script>(function(d, s, id) {\r\n  var js, fjs = d.getElementsByTagName(s)[0];\r\n  if (d.getElementById(id)) return;\r\n  js = d.createElement(s); js.id = id;\r\n  js.src = "//connect.facebook.net/ru_RU/all.js#xfbml=1";\r\n  fjs.parentNode.insertBefore(js, fjs);\r\n}(document, ''script'', ''facebook-jssdk''));</script>\r\n		<div class="fb-like" data-layout="button_count" data-send="false" data-show-faces="false" data-width="450">\r\n			&nbsp;</div>\r\n	</div>\r\n	<div class="share42init" data-path="/images/">\r\n		&nbsp;</div>\r\n	<script type="text/javascript" src="/js/share42.js"></script>\r\n	<p style="clear:both">\r\n		&nbsp;</p>\r\n</div>\r\n<h3>\r\n	&nbsp;</h3>\r\n<h3>\r\n	Сам себе стилист: Какие носить юбки, если у вас широкие бедра?</h3>\r\n<p>\r\n	<img alt="Юбки для широких бедер" src="/upload/userfiles/images/Снимок экрана 2013-06-23 в 19_06_03.png.jpg" style="width: 90px; height: 149px; float: left;" />Наверное, я никого не удивлю, если скажу, что среди славянских женщин тип фигуры &laquo;треугольник&raquo;, когда бедра шире плеч, является самым распространенным. А теперь, в надежде все же удивить вас, дорогие мамочки, я скажу, что именно этот тип фигуры считается самым женственным и самым соблазнительным в глазах мужчин. Какие же юбки носить, чтобы подчеркнуть достоинства своей фигуры, при этом не придав лишний объем бедрам?</p>\r\n<script>function showTooltip4()\r\n{\r\nvar myDiv = document.getElementById(''tooltip4'');\r\nif(myDiv.style.display == ''none'')\r\n{\r\nmyDiv.style.display = ''block'';\r\n} else {\r\nmyDiv.style.display = ''none'';\r\n}\r\nreturn false;\r\n}</script>\r\n<p>\r\n	<a href="javascript:;" onclick="showTooltip4()">Читать дальше</a></p>\r\n<div id="tooltip4" style="display: none">\r\n	<p>\r\n		Ткани.</p>\r\n	<p>\r\n		Юбки необходимо выбирать из легкой ткани или ткани средней плотности &ndash; они будут плавно очерчивать контуры вашего тела, не прибавляя лишних сантиметров.</p>\r\n	<p>\r\n		Длина.</p>\r\n	<p>\r\n		Если у вас красивые стройные ноги, вы можете позволить себе юбки любой длины, главное &ndash; правильный фасон. Однако всегда стоит помнить, что более длинная юбка визуально вытягивает силуэт.</p>\r\n	<p>\r\n		Фасоны.</p>\r\n	<p>\r\n		Для широких бедер идеально подойдут юбки с чуть заниженной талией &ndash; юбки, которые сами &laquo;садятся&raquo; на нужное место в зависимости от объема бедер. Юбка может быть как строгого силуэта, так и легкой, подвижной формы. Если вы выбираете юбку строгого силуэта, например, юбку-карандаш, обязательно выберите ту модель, которая выполнена из плотной ткани, и сочетайте ее с акцентной блузой, чтобы уравновесить низ и верх фигуры. То же самое касается юбки-бандаж.</p>\r\n	<p>\r\n		Вам подойдут плиссированные мягкие юбки, юбки, скроенные по косой, мягко облегающие бедра и ниспадающие или слегка расширяющиеся к низу, струящиеся юбки-макси, юбки с зап<em>а</em>хом. Избегайте воланов, накладных карманов, декора на юбке в самой широкой части бедер. Все эти элементы визуально придадут вашим бедрам объем.</p>\r\n	<p>\r\n		Рисунки.</p>\r\n	<p>\r\n		Юбки лучше носить однотонные, но если душа просит живости, выбирайте некрупные и неяркие абстрактные рисунки или вертикальную полоску. Крупные, особенно цветочные рисунки, меняя форму на ваших изгибах, будут визуально придавать вашим бедрам ненужный объем. Категорически противопоказана крупная горизонтальная полоска &ndash; она способна превратить узкие бедра в соблазнительные округлости, но обладательницам женственных форм она сослужит плохую службу.</p>\r\n	<p>\r\n		Цвета.</p>\r\n	<p>\r\n		Юбки лучше выбирать темных цветов &ndash; особенно те, которые имеют облегающий фасон. Темные цвета стройнят. Легкие, струящиеся юбки-макси, которые сейчас так актуальны, можно носить практически любых цветов.</p>\r\n	<img alt="Зеленая юбка" src="/upload/userfiles/images/Снимок экрана 2013-06-23 в 19_13_52.png.jpg" style="width: 220px; height: 371px;" /><img alt="Полосатая юбка" src="/upload/userfiles/images/Снимок экрана 2013-06-23 в 19_14_26.png.jpg" style="width: 224px; height: 371px;" /><img alt="Юбка с запахом" src="/upload/userfiles/images/2753043800_1_1_3.jpg" style="width: 232px; height: 371px;" /><img alt="Оранжевая юбка" src="/upload/userfiles/images/%D0%A1%D0%BD%D0%B8%D0%BC%D0%BE%D0%BA%20%D1%8D%D0%BA%D1%80%D0%B0%D0%BD%D0%B0%202013-06-23%20%D0%B2%2019_14_07.png" style="width: 221px; height: 371px;" /></div>\r\n<h4>\r\n	&nbsp;</h4>\r\n<h3>\r\n	Тренд сезона: С чем носить джинсовую рубашку?</h3>\r\n<p>\r\n	<img alt="Джинсовая рубашка" src="/upload/userfiles/images/81200370_B4.jpg" style="width: 90px; height: 126px; float: left;" />Джинсовая рубашка популярна уже не первый сезон. Это очень удобный и практичный элемент одежды, который можно надеть и в пир, и в мир. На лето лучше выбирать джинсовую рубашку из тонкого денима &ndash; он может быть как светлым, так и темным, а также состоять из блоков различных оттенков синего цвета.&nbsp;</p>\r\n<script>function showTooltip2()\r\n{\r\nvar myDiv = document.getElementById(''tooltip2'');\r\nif(myDiv.style.display == ''none'')\r\n{\r\nmyDiv.style.display = ''block'';\r\n} else {\r\nmyDiv.style.display = ''none'';\r\n}\r\nreturn false;\r\n}</script>\r\n<p>\r\n	<a href="javascript:;" onclick="showTooltip2()">Читать дальше </a></p>\r\n<div id="tooltip2" style="display: none">\r\n	<p>\r\n		&nbsp;</p>\r\n	<p>\r\n		Очень эффектно смотрятся рубашки с эффектом деграде - от светлого цвета сверху к более темному снизу. Рубашка может иметь оторочку клепками, украшения на воротничке, погончики &ndash; выбирайте тот вариант, который вам ближе всего по стилю и настроению. Мне нравится сочетать джинсовую рубашку с черной юбкой-бандаж, юбкой с цветочным принтом, цветными джинсами, кожаными или х/б шортами. Ну и, конечно, возможен вариант с обычными джинсами &ndash; однако, этот вариант мне нравится меньше всего, в нем нет динамики.</p>\r\n	<p>\r\n		Джинсовая рубашка сама по себе придает образу непосредственность, свободу и я бы сказала, некую брутальность. Эту брутальность подчеркнут кожаные шорты, а в противовес ей будет выступать женственная юбка в цветочек и юбка-бандаж. Джинсовая рубашка отлично будет смотреться со всеми вещами в стиле кантри &ndash; с цветочным принтом, белыми сарафанами/юбками с эффектом х/б кружевов, сумками, полусапожками, сандалиями из коричневой кожи.</p>\r\n	<p>\r\n		Найти джинсовую рубашку можно как в люксовых брендах, так и в брендах масс-маркета &ndash; Bershka, Mango, H&amp;M и других.</p>\r\n	<img alt="Рубашка с юбкой в цветочек" src="/upload/userfiles/images/%D0%A1%D0%BD%D0%B8%D0%BC%D0%BE%D0%BA%20%D1%8D%D0%BA%D1%80%D0%B0%D0%BD%D0%B0%202013-05-29%20%D0%B2%2012_56_30.png" style="width: 227px; height: 350px;" /><img alt="Рубашка с джинсами" src="/upload/userfiles/images/%D0%A1%D0%BD%D0%B8%D0%BC%D0%BE%D0%BA%20%D1%8D%D0%BA%D1%80%D0%B0%D0%BD%D0%B0%202013-05-29%20%D0%B2%2013_00_05.png" style="width: 191px; height: 350px;" /><img alt="Рубашка с юбкой-бандаж" src="/upload/userfiles/images/%D0%A1%D0%BD%D0%B8%D0%BC%D0%BE%D0%BA%20%D1%8D%D0%BA%D1%80%D0%B0%D0%BD%D0%B0%202013-05-29%20%D0%B2%2013_13_33.png" style="width: 245px; height: 350px;" /><img alt="Рубашка с шортами" src="/upload/userfiles/images/%D0%A1%D0%BD%D0%B8%D0%BC%D0%BE%D0%BA%20%D1%8D%D0%BA%D1%80%D0%B0%D0%BD%D0%B0%202013-05-29%20%D0%B2%2012_51_53.png" style="height: 350px; width: 280px;" /></div>\r\n<p>\r\n	&nbsp;</p>\r\n<h3>\r\n	Тренд сезона: С чем носить цветные джинсы?</h3>\r\n<p>\r\n	<img alt="Цветные джинсы" src="/upload/userfiles/images/61273_3070.jpg" style="width: 90px; height: 154px; float: left;" /> Если в вашем гардеробе еще нет этого удобного и красивого элемента одежды, обязательно его приобретите. В этом сезоне особенно популярны джинсы пастельных оттенков: аквамаринового, лимонного, розового, сиреневого, голубого. Обратите также внимание на цветные джинсы с цветочным рисунком. Они выглядят по-летнему свежо и непринужденно. Такие джинсы благодаря своему цвету станут акцентом вашего образа.</p>\r\n<p>\r\n	<script>function showTooltip3()\r\n{\r\nvar myDiv = document.getElementById(''tooltip3'');\r\nif(myDiv.style.display == ''none'')\r\n{\r\nmyDiv.style.display = ''block'';\r\n} else {\r\nmyDiv.style.display = ''none'';\r\n}\r\nreturn false;\r\n}</script><a href="javascript:;" onclick="showTooltip3()">Читать дальше </a></p>\r\n<div id="tooltip3" style="display: none">\r\n	Популярные фасоны &ndash; это зауженные джинсы и джинсы skinny, длина которых не доходит до щиколотки. Такой фасон джинсов подойдет не каждому типу фигуры. Он будет идеален для &laquo;перевернутых треугольников&raquo; (когда плечи шире бедер), песочных часов и прямоугольников (плечи примерно равны бедрам) с длинными ногами. Если у вас широкие бедра, лучше выбрать джинсы прямого кроя или дополнить их туникой или топом, которые заканчиваются чуть ниже самого широкого места бедер.\r\n	<p>\r\n		С цветными джинсами можно создать совершенно различные по настроению образы &ndash; романтичные, спортивные, драматичные, непринужденно-расслабленные.</p>\r\n	<p>\r\n		С джинсами лучше всего носить обувь на босу ногу. Некоторая обувь (слиперы, мокасины, босоножки, сандалии) сама по себе предполагает наличие обнаженной ступни, однако если качество ваших закрытых туфель или балеток позволяет, с джинсами лучше их надеть без каких-либо колготок или гольфов.</p>\r\n	<p>\r\n		Самый простой способ обыграть цветные джинсы &ndash; надеть их с простыми базовыми вещами: белой или серой футболкой, короткой голубой джинсовой курткой, бежевым топом. Не стремитесь подобрать цвет обуви или сумки в цвет к джинсам &ndash; во-первых, это будет тяжело сделать, во-вторых, это смотрится очень натужно. Не бойтесь цветовых сочетаний! Здесь может быть либо нейтральный цвет, либо цвет того же тона, но темнее или светлее, либо контрастный цвет.</p>\r\n	<p>\r\n		<img alt="Цветные джинсы: образ №1" src="/upload/userfiles/images/Снимок экрана 2013-05-29 в 12_47_38.png" style="width: 225px; height: 386px; float: left;" /> <img alt="Цветные джинсы: образ №2" src="/upload/userfiles/images/Снимок экрана 2013-05-29 в 12_46_56.png" style="width: 225px; height: 386px;" /><img alt="Цветные джинсы: образ №3" src="/upload/userfiles/images/Снимок экрана 2013-05-29 в 12_47_24.png" style="width: 225px; height: 386px;" /><img alt="Цветные джинсы: образ №4" src="/upload/userfiles/images/Снимок экрана 2013-05-29 в 12_47_10.png" style="width: 225px; height: 386px;" /></p>\r\n</div>\r\n<p>\r\n	&nbsp;</p>\r\n<h3>\r\n	Сам себе стилист: Определяем свою палитру цветов</h3>\r\n<p>\r\n	<img alt="Цветовой круг" src="/upload/userfiles/images/---cvet_0.jpg" style="width: 100px; float: left; height: 100px;" /> Есть две самые важные характеристики вашей внешности, которые определяют вашу персональную цветовую палитру: контрастность и теплота. Правильно выбранные цвета одежды подчеркнут достоинства вашей внешности, придадут свежести и молодости.</p>\r\n<p>\r\n	<script>function showTooltip1()\r\n{\r\nvar myDiv = document.getElementById(''tooltip1'');\r\nif(myDiv.style.display == ''none'')\r\n{\r\nmyDiv.style.display = ''block'';\r\n} else {\r\nmyDiv.style.display = ''none'';\r\n}\r\nreturn false;\r\n}</script>&nbsp;<a href="javascript:;" onclick="showTooltip1()">Читать дальше</a></p>\r\n<div id="tooltip1" style="display: none">\r\n	<p>\r\n		Цвета, которые лучше всего подчеркнут вашу индивидуальность, должны соответствовать степени контрастности вашей внешности. Если у вас мягкие черты лица и цвета кожи, глаз и волос одной насыщенности, то вашу индивидуальность лучше всего подчеркнут сочетания цветов с незначительной контрастностью &ndash; разница по насыщенности должна быть 1-2 тона. Если вы обладаете контрастной внешностью, например, у вас темно-русые волосы, голубые глаза и фарфоровая кожа, носите контрастные сочетания светлых и темных тонов.</p>\r\n	<p>\r\n		Примеры контрастных палитр:</p>\r\n	<img alt="Контраст1" src="/upload/userfiles/images/color-palette-705.jpg" style="width: 300px; height: 300px;" />&nbsp; &nbsp;<img alt="Контраст2" src="/upload/userfiles/images/color-palette-716.jpg" style="width: 300px; height: 300px;" />&nbsp; &nbsp;<img alt="Контраст3" src="/upload/userfiles/images/in_color_balance_547.jpg" style="width: 300px; height: 300px;" />\r\n	<p>\r\n		Примеры палитр незначительной контрастности:</p>\r\n	<p>\r\n		<img alt="Пастель1" src="/upload/userfiles/images/in_color_balance_546.jpg" style="width: 300px; height: 300px;" />&nbsp; &nbsp;<img alt="Пастель2" src="/upload/userfiles/images/in_color_balance_565.jpg" style="width: 300px; height: 300px;" />&nbsp; &nbsp;<img alt="Пастель3" src="/upload/userfiles/images/in_color_balance_487.jpg" style="width: 300px; height: 300px;" /></p>\r\n	<p>\r\n		Сочетание нескольких пастельных оттенков выглядит нежно, свежо и романтично и идеально подходит натурам мягкого колорита. Сочетание яркого красного или синего с белым или черным выглядит броско и драматично и великолепно подчеркивает индивидуальность контрастных натур.</p>\r\n	<p>\r\n		Помимо контрастности необходимо также оценить, к теплому или холодному колориту вы относитесь. Теплота вашей внешности зависит от оттенков ваших волос, глаз и особенно &ndash; кожи. Теплый колорит имеет в своей основе желтый или оранжевый подтон, а холодный &ndash; пепельно-серый и розовый.</p>\r\n	<p>\r\n		Важно понимать, что любой цвет в зависимости от оттенка может являться как теплым, так и холодным. Не следует думать, что синий и зеленый &ndash; это холодные цвета, а желтый и оранжевый &ndash; теплые.</p>\r\n	<p>\r\n		Пример теплой палитры: &nbsp; &nbsp; &nbsp; &nbsp;&nbsp; &nbsp; &nbsp; &nbsp;&nbsp; &nbsp; &nbsp;Пример холодной палитры:</p>\r\n	<p>\r\n		<img alt="Теплая палитра" src="/upload/userfiles/images/Снимок экрана 2013-05-29 в 18_31_45.png.jpg" style="width: 275px; height: 179px;" />&nbsp; &nbsp;<img alt="Холодная палитра" src="/upload/userfiles/images/Снимок экрана 2013-05-29 в 18_28_59.png.jpg" style="width: 275px; height: 179px;" /></p>\r\n	<p>\r\n		Эти характеристики лежат в основе определения своей индивидуальной палитры цветов, которые будут максимально выгодно подчеркивать данные вашей внешности. Сужая рамки деления колоритов, можно сказать, что контрастный теплый колорит &ndash; это &laquo;Весна&raquo; в привычном многим цветотипировании, контрастный холодный &ndash; &laquo;Зима&raquo;. Мягкий теплый колорит соответствует цветотипу &laquo;Осень&raquo;, а мягкий холодный &ndash; цветотипу &laquo;Лето&raquo;.</p>\r\n</div>\r\n<p>\r\n	&nbsp;</p>\r\n', '', '', ''),
(23, 'mother_project', 'Проекты для мам', '<p>\r\n	Проекты для мам</p>\r\n', '', '', ''),
(24, 'mothers', 'Мамы', '<p style="list-style: none; margin: 0px 0px 6px; padding: 0px 0px 0px 17px; border: 0px; font-family: inherit; font-size: inherit; font-style: inherit; font-variant: inherit; line-height: 17px; vertical-align: baseline; background-image: url(http://leadmama.ru/images/bullet2.png); background-position: 0px 5px; background-repeat: no-repeat no-repeat;">\r\n	<a href="http://leadmama.ru/test.html" style="color: rgb(52, 127, 117); outline: none; margin: 0px; padding: 0px; border: 0px; font-family: inherit; font-size: 14px; font-style: inherit; font-variant: inherit; line-height: inherit; vertical-align: baseline;">Беременность, роды и мама после родов</a></p>\r\n<p style="list-style: none; margin: 0px 0px 6px; padding: 0px 0px 0px 17px; border: 0px; font-family: inherit; font-size: inherit; font-style: inherit; font-variant: inherit; line-height: 17px; vertical-align: baseline; background-image: url(http://leadmama.ru/images/bullet2.png); background-position: 0px 5px; background-repeat: no-repeat no-repeat;">\r\n	<a href="http://leadmama.ru/test.html" style="color: rgb(52, 127, 117); outline: none; margin: 0px; padding: 0px; border: 0px; font-family: inherit; font-size: 14px; font-style: inherit; font-variant: inherit; line-height: inherit; vertical-align: baseline;">Этапы развития ребенка</a></p>\r\n<p style="list-style: none; margin: 0px 0px 6px; padding: 0px 0px 0px 17px; border: 0px; font-family: inherit; font-size: inherit; font-style: inherit; font-variant: inherit; line-height: 17px; vertical-align: baseline; background-image: url(http://leadmama.ru/images/bullet2.png); background-position: 0px 5px; background-repeat: no-repeat no-repeat;">\r\n	<a href="http://leadmama.ru/test.html" style="color: rgb(52, 127, 117); outline: none; margin: 0px; padding: 0px; border: 0px; font-family: inherit; font-size: 14px; font-style: inherit; font-variant: inherit; line-height: inherit; vertical-align: baseline;">Бизнес и мама</a></p>\r\n<p style="list-style: none; margin: 0px 0px 6px; padding: 0px 0px 0px 17px; border: 0px; font-family: inherit; font-size: inherit; font-style: inherit; font-variant: inherit; line-height: 17px; vertical-align: baseline; background-image: url(http://leadmama.ru/images/bullet2.png); background-position: 0px 5px; background-repeat: no-repeat no-repeat;">\r\n	<a href="http://leadmama.ru/test.html" style="color: rgb(52, 127, 117); outline: none; margin: 0px; padding: 0px; border: 0px; font-family: inherit; font-size: 14px; font-style: inherit; font-variant: inherit; line-height: inherit; vertical-align: baseline;">Модная и стильная мама</a></p>\r\n<p style="list-style: none; margin: 0px 0px 6px; padding: 0px 0px 0px 17px; border: 0px; font-family: inherit; font-size: inherit; font-style: inherit; font-variant: inherit; line-height: 17px; vertical-align: baseline; background-image: url(http://leadmama.ru/images/bullet2.png); background-position: 0px 5px; background-repeat: no-repeat no-repeat;">\r\n	<a href="http://leadmama.ru/test.html" style="color: rgb(52, 127, 117); outline: none; margin: 0px; padding: 0px; border: 0px; font-family: inherit; font-size: 14px; font-style: inherit; font-variant: inherit; line-height: inherit; vertical-align: baseline;">Семья и отношения</a></p>\r\n<p style="list-style: none; margin: 0px 0px 6px; padding: 0px 0px 0px 17px; border: 0px; font-family: inherit; font-size: inherit; font-style: inherit; font-variant: inherit; line-height: 17px; vertical-align: baseline; background-image: url(http://leadmama.ru/images/bullet2.png); background-position: 0px 5px; background-repeat: no-repeat no-repeat;">\r\n	<a href="http://leadmama.ru/test.html" style="color: rgb(52, 127, 117); outline: none; margin: 0px; padding: 0px; border: 0px; font-family: inherit; font-size: 14px; font-style: inherit; font-variant: inherit; line-height: inherit; vertical-align: baseline;">Проекты для мам</a></p>\r\n', '', '', ''),
(25, 'Child', 'Дети', '<h3>\r\n	<a href="http://leadmama.ru/test.html" style="font-family: inherit; font-style: inherit; font-variant: inherit; line-height: inherit; text-decoration: none; color: rgb(107, 141, 137); outline: none; margin: 0px; padding: 0px; border: 0px; font-size: 24px; vertical-align: baseline; text-shadow: rgb(255, 255, 255) 1px 1px 0px;">Дети</a></h3>\r\n<ul class="menu" style="margin: 0px 0px 20px; padding-right: 0px; padding-left: 10px; list-style: none; border: 0px; line-height: 16px; vertical-align: baseline; color: rgb(140, 115, 72);">\r\n	<li style="list-style: none; margin: 0px 23px 0px 0px; padding: 0px; border: 0px; font-family: inherit; font-size: inherit; font-style: inherit; font-variant: inherit; line-height: inherit; vertical-align: top; display: inline-block; width: 208px;">\r\n		<ul style="margin: 0px; padding-top: 10px; padding-right: 0px; padding-left: 3px; list-style: none; border: 0px; font-family: inherit; font-size: inherit; font-style: inherit; font-variant: inherit; line-height: inherit; vertical-align: baseline;">\r\n			<li style="list-style: none; margin: 0px 0px 6px; padding: 0px 0px 0px 17px; border: 0px; font-family: inherit; font-size: inherit; font-style: inherit; font-variant: inherit; line-height: 17px; vertical-align: baseline; background-image: url(http://leadmama.ru/images/bullet2.png); background-position: 0px 5px; background-repeat: no-repeat no-repeat;">\r\n				<a href="http://leadmama.ru/test.html" style="color: rgb(52, 127, 117); outline: none; margin: 0px; padding: 0px; border: 0px; font-family: inherit; font-style: inherit; font-variant: inherit; line-height: inherit; vertical-align: baseline;">Ранее развитие детей</a></li>\r\n			<li style="list-style: none; margin: 0px 0px 6px; padding: 0px 0px 0px 17px; border: 0px; font-family: inherit; font-size: inherit; font-style: inherit; font-variant: inherit; line-height: 17px; vertical-align: baseline; background-image: url(http://leadmama.ru/images/bullet2.png); background-position: 0px 5px; background-repeat: no-repeat no-repeat;">\r\n				<a href="http://leadmama.ru/test.html" style="color: rgb(52, 127, 117); outline: none; margin: 0px; padding: 0px; border: 0px; font-family: inherit; font-style: inherit; font-variant: inherit; line-height: inherit; vertical-align: baseline;">Кормление, медицина</a></li>\r\n			<li style="list-style: none; margin: 0px 0px 6px; padding: 0px 0px 0px 17px; border: 0px; font-family: inherit; font-size: inherit; font-style: inherit; font-variant: inherit; line-height: 17px; vertical-align: baseline; background-image: url(http://leadmama.ru/images/bullet2.png); background-position: 0px 5px; background-repeat: no-repeat no-repeat;">\r\n				<a href="http://leadmama.ru/test.html" style="color: rgb(52, 127, 117); outline: none; margin: 0px; padding: 0px; border: 0px; font-family: inherit; font-style: inherit; font-variant: inherit; line-height: inherit; vertical-align: baseline;">Интернет ресурсы и сервисы для детей</a></li>\r\n		</ul>\r\n	</li>\r\n</ul>\r\n<p>\r\n	&nbsp;</p>\r\n<ul style="margin: 0px; padding-top: 10px; padding-right: 0px; padding-left: 3px; list-style: none; border: 0px; font-family: inherit; font-size: inherit; font-style: inherit; font-variant: inherit; line-height: inherit; vertical-align: baseline;">\r\n</ul>\r\n', '', '', ''),
(26, 'razvitie', 'Ранее развитие', '<p>\r\n	Раннее развитие развитие</p>\r\n', '', '', ''),
(28, 'kidsweb', 'Интернет сервисы', '<p>\r\n	<a href="http://leadmama.ru/test.html" style="color: rgb(52, 127, 117); outline: none; margin: 0px; padding: 0px; border: 0px; font-family: ''Times New Roman''; font-size: 14px; line-height: 17px; vertical-align: baseline;">Интернет ресурсы и сервисы для детей</a></p>\r\n<p>\r\n	плавпов4</p>\r\n<p>\r\n	порпи</p>\r\n', '', '', ''),
(29, 'resourse', 'Полезные ресурсы', '<p>\r\n	<a href="http://leadmama.ru/test.html" style="font-family: inherit; font-style: inherit; font-variant: inherit; line-height: inherit; text-decoration: none; color: rgb(107, 141, 137); outline: none; margin: 0px; padding: 0px; border: 0px; font-size: 24px; vertical-align: baseline; text-shadow: rgb(255, 255, 255) 1px 1px 0px;">Полезные ресурсы</a></p>\r\n<ul style="margin: 0px; padding-top: 10px; padding-right: 0px; padding-left: 3px; list-style: none; border: 0px; font-family: inherit; font-size: inherit; font-style: inherit; font-variant: inherit; line-height: inherit; vertical-align: baseline;">\r\n	<li style="list-style: none; margin: 0px 0px 6px; padding: 0px 0px 0px 17px; border: 0px; font-family: inherit; font-size: inherit; font-style: inherit; font-variant: inherit; line-height: 17px; vertical-align: baseline; background-image: url(http://leadmama.ru/images/bullet2.png); background-position: 0px 5px; background-repeat: no-repeat no-repeat;">\r\n		<a href="http://leadmama.ru/test.html" style="color: rgb(52, 127, 117); outline: none; margin: 0px; padding: 0px; border: 0px; font-family: inherit; font-size: 14px; font-style: inherit; font-variant: inherit; line-height: inherit; vertical-align: baseline;">Обзоры товаров и услуг для детей</a></li>\r\n	<li style="list-style: none; margin: 0px 0px 6px; padding: 0px 0px 0px 17px; border: 0px; font-family: inherit; font-size: inherit; font-style: inherit; font-variant: inherit; line-height: 17px; vertical-align: baseline; background-image: url(http://leadmama.ru/images/bullet2.png); background-position: 0px 5px; background-repeat: no-repeat no-repeat;">\r\n		<a href="http://leadmama.ru/test.html" style="color: rgb(52, 127, 117); outline: none; margin: 0px; padding: 0px; border: 0px; font-family: inherit; font-size: 14px; font-style: inherit; font-variant: inherit; line-height: inherit; vertical-align: baseline;">Распечатай поделки, открытки и карточки</a></li>\r\n	<li style="list-style: none; margin: 0px 0px 6px; padding: 0px 0px 0px 17px; border: 0px; font-family: inherit; font-size: inherit; font-style: inherit; font-variant: inherit; line-height: 17px; vertical-align: baseline; background-image: url(http://leadmama.ru/images/bullet2.png); background-position: 0px 5px; background-repeat: no-repeat no-repeat;">\r\n		<a href="http://leadmama.ru/test.html" style="color: rgb(52, 127, 117); outline: none; margin: 0px; padding: 0px; border: 0px; font-family: inherit; font-size: 14px; font-style: inherit; font-variant: inherit; line-height: inherit; vertical-align: baseline;">Все про детскую фотографию</a></li>\r\n	<li style="list-style: none; margin: 0px 0px 6px; padding: 0px 0px 0px 17px; border: 0px; font-family: inherit; font-size: inherit; font-style: inherit; font-variant: inherit; line-height: 17px; vertical-align: baseline; background-image: url(http://leadmama.ru/images/bullet2.png); background-position: 0px 5px; background-repeat: no-repeat no-repeat;">\r\n		<a href="http://leadmama.ru/test.html" style="color: rgb(52, 127, 117); outline: none; margin: 0px; padding: 0px; border: 0px; font-family: inherit; font-size: 14px; font-style: inherit; font-variant: inherit; line-height: inherit; vertical-align: baseline;">Создадим видеоархив вместе</a></li>\r\n	<li style="list-style: none; margin: 0px 0px 6px; padding: 0px 0px 0px 17px; border: 0px; font-family: inherit; font-size: inherit; font-style: inherit; font-variant: inherit; line-height: 17px; vertical-align: baseline; background-image: url(http://leadmama.ru/images/bullet2.png); background-position: 0px 5px; background-repeat: no-repeat no-repeat;">\r\n		<a href="http://leadmama.ru/test.html" style="color: rgb(52, 127, 117); outline: none; margin: 0px; padding: 0px; border: 0px; font-family: inherit; font-size: 14px; font-style: inherit; font-variant: inherit; line-height: inherit; vertical-align: baseline;">История вашей семьи</a></li>\r\n</ul>\r\n', '', '', ''),
(35, 'dnevnik_instruction', 'Дневник', '<h3>\r\n	Дневник</h3>\r\n<p>\r\n	Leadmama онлайн дневник позволяет создавать заметки, сообщения про ежедневные события из жизни вашего малыша.</p>\r\n<p>\r\n	В сообщении вы можете добавить фотографию и название этапа</p>\r\n<p>\r\n	Ваши сообщения могут видеть и комментировать пользователи, которым вы открыли&nbsp;<a class="bullet read-more" href="http://leadmama.ru/page/share">доступ к дневнику</a></p>\r\n<p>\r\n	<img alt="" src="/upload/userfiles/images/8.bmp" style="width: 533px; height: 209px;" /></p>\r\n<p>\r\n	Важные этапы из жизни малыша</p>\r\n<p>\r\n	<img alt="" src="/upload/userfiles/images/9.bmp" style="width: 690px; height: 289px;" /></p>\r\n<p>\r\n	&nbsp;</p>\r\n', '', '', ''),
(36, 'Galereya', 'Галерея', '<h3>\r\n	Галерея</h3>\r\n<p>\r\n	В разделе <strong>Галерея</strong> вы можете создавать фотоальбомы для организации семейного фотоархива</p>\r\n<ul>\r\n	<li>\r\n		Все альбомы можно добавить в печатную версию <a class="bullet read-more" href="http://leadmama.ru/page/services">фотодневник LeadBook</a></li>\r\n	<li>\r\n		Внутри альбома вы можете добавлять новые фотографии и редактировать альбом</li>\r\n	<li>\r\n		Ваши друзья могут комментировать новые фотографии (если вы открыли доступ к дневнику)</li>\r\n</ul>\r\n<p>\r\n	<img alt="" src="/upload/userfiles/images/10(1).bmp" style="width: 308px; height: 135px;" /></p>\r\n<p>\r\n	&nbsp;</p>\r\n', '', '', ''),
(37, 'About_baby', 'О малыше', '<h3>\r\n	О малыше</h3>\r\n<p>\r\n	В данном разделе вы увидете информацию о малыше, которую вы вносили при регистрации</p>\r\n<p>\r\n	<img alt="" src="/upload/userfiles/images/11.bmp" style="width: 602px; height: 221px;" /></p>\r\n<h3>\r\n	Первый день</h3>\r\n<p>\r\n	В разделе можно рассказать о том, как прошли роды, кто присутствовал и как все прошло</p>\r\n<p>\r\n	<img alt="" src="/upload/userfiles/images/15.bmp" style="width: 343px; height: 211px;" /></p>\r\n<p>\r\n	&nbsp;</p>\r\n', '', '', ''),
(38, 'kormlenie', 'Кормление', '<h3>\r\n	Кормление</h3>\r\n<p>\r\n	В этом разделе вы можете записывать заметки про кормление вашего малыша, начиная с рождения.&nbsp;</p>\r\n<p>\r\n	<img alt="" src="/upload/userfiles/images/kormlenie3.bmp" style="width: 792px; height: 574px;" /></p>\r\n<p>\r\n	&nbsp;</p>\r\n', '', '', ''),
(39, 'razvitiemalisha', 'Развитие малыша', '<p>\r\n	В данном разделе вы увидете информацию о том, как растет и набирает вес ваш малыш.</p>\r\n<p>\r\n	Также вы можете вносить даты появления первых зубиков.</p>\r\n<table border="0" cellpadding="0" cellspacing="0" style="width:100%">\r\n	<tbody>\r\n		<tr>\r\n			<td style="width:50%">\r\n				<h3>\r\n					Примеры графиков</h3>\r\n			</td>\r\n			<td>\r\n				&nbsp;</td>\r\n			<td style="width:50%">\r\n				<h3>\r\n					&nbsp;</h3>\r\n			</td>\r\n		</tr>\r\n		<tr>\r\n			<td>\r\n				<h3>\r\n					<img alt="" src="/upload/userfiles/images/ves2.bmp" style="font-size: 12px; font-weight: normal; width: 440px; height: 296px;" /></h3>\r\n			</td>\r\n			<td>\r\n				<img alt="" src="/upload/userfiles/images/rost2.bmp" style="width: 440px; height: 294px;" /></td>\r\n		</tr>\r\n	</tbody>\r\n</table>\r\n<h3>\r\n	Зубки малыша</h3>\r\n<p>\r\n	<img alt="" src="/upload/userfiles/images/zubi2(1).bmp" style="width: 416px; height: 324px;" /></p>\r\n<h3>\r\n	&nbsp;</h3>\r\n', '', '', ''),
(40, 'about_index', 'Дорогие мамы', '<h4 class="bold">\r\n	Представьте, что с помощью Leadmama.ru вы можете вести дневник малыша в любом месте, в удобное время и с любого мобильного устройства.</h4>\r\n<p>\r\n	Зарегистрируйте аккаунт и получите доступ к нашим сервисам:</p>\r\n<table border="0" cellpadding="0" cellspacing="0" style="width:100%">\r\n	<tbody>\r\n		<tr>\r\n			<td style="width:50%">\r\n				<h3>\r\n					<span style="font-size: 12px;"><a class="bullet read-more" href="http://leadmama.ru/page/dnevnik_instruction">ДНЕВНИК РЕБЕНКА</a></span></h3>\r\n			</td>\r\n			<td>\r\n				&nbsp;</td>\r\n			<td style="width:50%">\r\n				<h3>\r\n					<span style="font-size: 12px;"><a class="bullet read-more" href="http://leadmama.ru/page/Galereya">ГАЛЕРЕЯ</a></span></h3>\r\n			</td>\r\n		</tr>\r\n		<tr>\r\n			<td style="width:50%">\r\n				Записывайте именно сейчас!<br />\r\n				Воспоминания ускользают.</td>\r\n			<td>\r\n				&nbsp;</td>\r\n			<td style="width:50%">\r\n				Организуйте семейный фотоархив.<br />\r\n				Делитесь фотографиями с близкими.</td>\r\n		</tr>\r\n		<tr>\r\n			<td>\r\n				<h3>\r\n					<span style="font-size: 12px;"><a class="bullet read-more" href="http://leadmama.ru/page/services">ФОТОДНЕВНИКИ РЕБЕНКА</a></span></h3>\r\n			</td>\r\n			<td>\r\n				&nbsp;</td>\r\n			<td>\r\n				<h3>\r\n					<span style="font-size: 12px;"><a class="bullet read-more" href="http://leadmama.ru/page/services">ТВОРЧЕСТВО РЕБЕНКА</a></span></h3>\r\n			</td>\r\n		</tr>\r\n		<tr>\r\n			<td>\r\n				Распечатайте ваши записи в виде книги Leadbook. Сохраните электронный журнал iLeadbook. Это книги, которые интересно читать всей семье.</td>\r\n			<td>\r\n				&nbsp;</td>\r\n			<td>\r\n				Ваш ребенок поражает своим творчеством? Фотографируйте работы и сохраняйте в &nbsp;аккаунте. Мы создадим архив творчества в виде книги Artbook</td>\r\n		</tr>\r\n		<tr>\r\n			<td>\r\n				<h3>\r\n					<span style="font-size: 12px;"><a class="bullet read-more" href="http://leadmama.ru/page/share">ДЕЛИТЕСЬ РАДОСТЬЮ</a>&nbsp;</span></h3>\r\n			</td>\r\n			<td>\r\n				&nbsp;</td>\r\n			<td>\r\n				<h3>\r\n					<span style="font-size: 12px;"><a class="bullet read-more" href="http://leadmama.ru/page/market">FAMILY SТUDIO СЕМЕЙНАЯ СТУДИЯ</a></span></h3>\r\n			</td>\r\n		</tr>\r\n		<tr>\r\n			<td>\r\n				Ваш аккаунт закрыт от посторонних глаз, но вы можете открыть доступ близким для просмотра и комментирования</td>\r\n			<td>\r\n				&nbsp;</td>\r\n			<td>\r\n				Наша студия предлагает подарки на рождение малышей. Это весточки о рождении, тематические наклейки и ...</td>\r\n		</tr>\r\n	</tbody>\r\n</table>\r\n<h4>\r\n	&nbsp;</h4>\r\n<h4>\r\n	Мы гарантируем сохранность и конфиденциальность ваших данных.&nbsp; В случае технического сбоя (при недоступности сайта в течении 24 часов) мы напечатаем журнал ваших записей бесплатно</h4>\r\n<p>\r\n	<a class="learn-more" href="/page/about">узнать больше о проекте</a>&nbsp; &nbsp;<a class="bullet read-more" href="http://leadmama.ru/register">РЕГИСТРАЦИЯ</a></p>\r\n', '', '', ''),
(41, 'zdorovie', 'Здоровье', '<p>\r\n	В разделе Здоровье вы можете вести заметки о здоровье и кормлении малыша.&nbsp;</p>\r\n<p>\r\n	<img alt="" src="/upload/userfiles/images/medicina.bmp" style="width: 802px; height: 874px;" /></p>\r\n', '', '', ''),
(42, 'kalendar', 'Календарь', '<p>\r\n	Используйте календарь, чтобы наглядно увидеть главные события в жизни малыша.</p>\r\n<p>\r\n	<img alt="" src="/upload/userfiles/images/kalendar2.bmp" style="width: 599px; height: 480px;" /></p>\r\n<p>\r\n	&nbsp;</p>\r\n', '', '', '');
INSERT INTO `pages` (`id`, `alias`, `title`, `text`, `sidebar`, `meta_keywords`, `meta_description`) VALUES
(43, 'aliсe', 'Алиса', '<div class="photo_block">\r\n	<div>\r\n		<h3>\r\n			Дизайн фотодневника для девочки</h3>\r\n		<div>\r\n			Ваш фотодневник в печатном виде:</div>\r\n		<div>\r\n			&nbsp;</div>\r\n		<h3>\r\n			<a class="fancybox" href="/upload/userfiles/images/alice/1b.jpg" rel="group" style="font-size: 12px;"><img alt="" src="/upload/userfiles/images/alice/1s.jpg" /></a><span style="font-size: 12px;">&nbsp;</span><a class="fancybox" href="/upload/userfiles/images/alice/2b.jpg" rel="group" style="font-size: 12px;"><img alt="" src="/upload/userfiles/images/alice/2s.jpg" /></a><span style="font-size: 12px;">&nbsp; &nbsp; &nbsp; &nbsp;</span><a class="fancybox" href="/upload/userfiles/images/alice/4b.jpg" rel="group" style="font-size: 12px;"><img alt="" src="/upload/userfiles/images/alice/4s.jpg" /></a><span style="font-size: 12px;">&nbsp; &nbsp; &nbsp; &nbsp;</span><a class="fancybox" href="/upload/userfiles/images/alice/5b.jpg" rel="group" style="font-size: 12px;"><img alt="" src="/upload/userfiles/images/alice/5s.jpg" /></a></h3>\r\n	</div>\r\n	<div>\r\n		<a class="fancybox" href="/upload/userfiles/images/alice/6b.jpg" rel="group"><img alt="" src="/upload/userfiles/images/alice/6s.jpg" /> </a></div>\r\n	<div>\r\n		<a class="fancybox" href="/upload/userfiles/images/alice/7b.jpg" rel="group"><img alt="" src="/upload/userfiles/images/alice/7s.jpg" /> </a></div>\r\n	<div>\r\n		<a class="fancybox" href="/upload/userfiles/images/alice/8b.jpg" rel="group"><img alt="" src="/upload/userfiles/images/alice/8s.jpg" /> </a></div>\r\n	<div>\r\n		<a class="fancybox" href="/upload/userfiles/images/alice/9b.jpg" rel="group"><img alt="" src="/upload/userfiles/images/alice/9s.jpg" /> </a></div>\r\n	<div>\r\n		<a class="fancybox" href="/upload/userfiles/images/alice/10b.jpg" rel="group"><img alt="" src="/upload/userfiles/images/alice/10s.jpg" /> </a></div>\r\n	<div>\r\n		<a class="fancybox" href="/upload/userfiles/images/alice/11b.jpg" rel="group"><img alt="" src="/upload/userfiles/images/alice/11s.jpg" /> </a></div>\r\n	<div>\r\n		<a class="fancybox" href="/upload/userfiles/images/alice/12b.jpg" rel="group"><img alt="" src="/upload/userfiles/images/alice/12s.jpg" /> </a></div>\r\n	<div>\r\n		<a class="fancybox" href="/upload/userfiles/images/alice/13b.jpg" rel="group"><img alt="" src="/upload/userfiles/images/alice/13s.jpg" /> </a></div>\r\n</div>\r\n<div class="like_block">\r\n	<div id="vk_like">\r\n		&nbsp;</div>\r\n	<script type="text/javascript">\r\nVK.Widgets.Like("vk_like", {type: "button"});\r\n</script>\r\n	<div id="fb-root">\r\n		&nbsp;</div>\r\n	<script>(function(d, s, id) {\r\n  var js, fjs = d.getElementsByTagName(s)[0];\r\n  if (d.getElementById(id)) return;\r\n  js = d.createElement(s); js.id = id;\r\n  js.src = "//connect.facebook.net/ru_RU/all.js#xfbml=1";\r\n  fjs.parentNode.insertBefore(js, fjs);\r\n}(document, ''script'', ''facebook-jssdk''));</script>\r\n	<div class="fb-like" data-layout="button_count" data-send="false" data-show-faces="false" data-width="450">\r\n		&nbsp;</div>\r\n</div>\r\n<div class="share42init" data-path="/images/">\r\n	&nbsp;</div>\r\n<script type="text/javascript" src="/js/share42.js"></script>\r\n<p style="clear:both">\r\n	&nbsp;</p>\r\n<p>\r\n	&nbsp;</p>\r\n<p>\r\n	&nbsp;</p>\r\n', '', '', ''),
(44, 'vanya', 'Ваня', '<div class="photo_block">\r\n	<h3>\r\n		Дизайн фотодневника для мальчика</h3>\r\n	<div>\r\n		<p>\r\n			Ваш фотодневник в печатном виде:</p>\r\n		<h3>\r\n			<a class="fancybox" href="/upload/userfiles/images/vanay/1b.jpg" rel="group" style="font-size: 12px;"><img alt="" src="/upload/userfiles/images/vanay/1s.jpg" /></a><span style="font-size: 12px;">&nbsp;</span><a class="fancybox" href="/upload/userfiles/images/vanay/2b.jpg" rel="group" style="font-size: 12px;"><img alt="" src="/upload/userfiles/images/vanay/2s.jpg" /></a><span style="font-size: 12px;">&nbsp; &nbsp;</span><a class="fancybox" href="/upload/userfiles/images/vanay/3b.jpg" rel="group" style="font-size: 12px;"><img alt="" src="/upload/userfiles/images/vanay/3s.jpg" /></a><span style="font-size: 12px;">&nbsp;</span><a class="fancybox" href="/upload/userfiles/images/vanay/6b.jpg" rel="group" style="font-size: 12px;"><img alt="" src="/upload/userfiles/images/vanay/6s.jpg" /></a>&nbsp;&nbsp;&nbsp;<a class="fancybox" href="/upload/userfiles/images/vanay/5b.jpg" rel="group" style="font-size: 12px;"><img alt="" src="/upload/userfiles/images/vanay/5s.jpg" /></a></h3>\r\n	</div>\r\n</div>\r\n<p>\r\n<div class="like_block">\r\n	<div id="vk_like">\r\n		&nbsp;</div>\r\n	<script type="text/javascript">\r\nVK.Widgets.Like("vk_like", {type: "button"});\r\n</script>\r\n	<div id="fb-root">\r\n		&nbsp;</div>\r\n	<script>(function(d, s, id) {\r\n  var js, fjs = d.getElementsByTagName(s)[0];\r\n  if (d.getElementById(id)) return;\r\n  js = d.createElement(s); js.id = id;\r\n  js.src = "//connect.facebook.net/ru_RU/all.js#xfbml=1";\r\n  fjs.parentNode.insertBefore(js, fjs);\r\n}(document, ''script'', ''facebook-jssdk''));</script>\r\n	<div class="fb-like" data-layout="button_count" data-send="false" data-show-faces="false" data-width="450">\r\n		&nbsp;</div>\r\n</div>\r\n<div class="share42init" data-path="/images/">\r\n	&nbsp;</div>\r\n<script type="text/javascript" src="/js/share42.js"></script>\r\n<p style="clear:both">\r\n	&nbsp;</p>\r\n	&nbsp;</p>\r\n', '', '', ''),
(45, 'birthann', 'Весточка о рождении', '<h3>\r\n	Весточка о рождении в двух вариантах:</h3>\r\n<p>\r\n	LeadBox Girl и&nbsp;LeadBox Boy</p>\r\n<p>\r\n	На бирке можно указать дату, рост и вес малышей.<br />\r\n	Размер рамки 23x23x4.5 см<br />\r\n	Размер фото 10*15см</p>\r\n<h3>\r\n	ЦЕНА 990 руб+печать фотографии бесплатно!</h3>\r\n<p>\r\n	Доставка: 200 руб курьеру или 80 руб в пункт самовывоза</p>\r\n<div class="photo_block">\r\n	<div>\r\n		<a class="fancybox" href="/upload/userfiles/images/vestochka/1b.jpg" rel="group"><img alt="" src="/upload/userfiles/images/vestochka/1s.jpg" /> </a></div>\r\n	<div>\r\n		<a class="fancybox" href="/upload/userfiles/images/vestochka/2b.jpg" rel="group"><img alt="" src="/upload/userfiles/images/vestochka/2s.jpg" /> </a></div>\r\n	<div>\r\n		<a class="fancybox" href="/upload/userfiles/images/vestochka/3b.jpg" rel="group"><img alt="" src="/upload/userfiles/images/vestochka/3s.jpg" /> </a></div>\r\n	<div>\r\n		<a class="fancybox" href="/upload/userfiles/images/vestochka/4b.jpg" rel="group"><img alt="" src="/upload/userfiles/images/vestochka/4s.jpg" /> </a></div>\r\n	<div>\r\n		<a class="fancybox" href="/upload/userfiles/images/vestochka/5b.jpg" rel="group"><img alt="" src="/upload/userfiles/images/vestochka/5s.jpg" /></a></div>\r\n	<div>\r\n		<div class="like_block">\r\n			<div id="vk_like">\r\n				&nbsp;</div>\r\n			<script type="text/javascript">\r\nVK.Widgets.Like("vk_like", {type: "button"});\r\n</script>\r\n			<div id="fb-root">\r\n				&nbsp;</div>\r\n			<script>(function(d, s, id) {\r\n  var js, fjs = d.getElementsByTagName(s)[0];\r\n  if (d.getElementById(id)) return;\r\n  js = d.createElement(s); js.id = id;\r\n  js.src = "//connect.facebook.net/ru_RU/all.js#xfbml=1";\r\n  fjs.parentNode.insertBefore(js, fjs);\r\n}(document, ''script'', ''facebook-jssdk''));</script>\r\n			<div class="fb-like" data-layout="button_count" data-send="false" data-show-faces="false" data-width="450">\r\n				&nbsp;</div>\r\n		</div>\r\n		<script type="text/javascript" src="/js/share42.js"></script>\r\n		<p style="clear:both">\r\n			&nbsp;</p>\r\n		<p>\r\n			<img src="/upload/userfiles/images/%D0%B3%D0%B0%D0%BB%D1%8F5.png" style="margin-right: 10px; float: left; width: 85px; height: 85px;" />Дизайнер Галина Колмогорцева</p>\r\n		<p>\r\n			<a class="bullet read-more" href="http://leadmama.ru/page/contact">ЗАКАЗАТЬ</a></p>\r\n	</div>\r\n	<div>\r\n		&nbsp;</div>\r\n	<div>\r\n		&nbsp;</div>\r\n</div>\r\n<p>\r\n	&nbsp;</p>\r\n<p>\r\n	&nbsp;</p>\r\n', '', '', ''),
(46, 'cards', 'Открытки', '<h3>\r\n	Открытка &nbsp;- Весточка о рождении малыша!</h3>\r\n<div>\r\n	<div>\r\n		<span style="color: rgb(0, 128, 128);">LeadCard Girl_1</span></div>\r\n	<div>\r\n		Размер &nbsp;15,5x10,5 см</div>\r\n	<div>\r\n		ЦЕНА 190 руб</div>\r\n</div>\r\n<div>\r\n	<div>\r\n		<div class="photo_block">\r\n			<div>\r\n				<a class="fancybox" href="/upload/userfiles/images/vestochka/6b.jpg" rel="group"><img alt="" src="/upload/userfiles/images/vestochka/6s.jpg" /> </a></div>\r\n			<div>\r\n				<a class="fancybox" href="/upload/userfiles/images/vestochka/7b.jpg" rel="group"><img alt="" src="/upload/userfiles/images/vestochka/7s.jpg" /> </a></div>\r\n		</div>\r\n		<div>\r\n			<span style="color: rgb(0, 128, 128);">LeadCard Girl_2</span></div>\r\n		<div>\r\n			<div>\r\n				<div>\r\n					Размер &nbsp;14,8x14,8 см</div>\r\n				<div>\r\n					ЦЕНА 190 руб</div>\r\n				<div class="photo_block">\r\n					<div>\r\n						<a class="fancybox" href="/upload/userfiles/images/vestochka/9b.jpg" rel="group"><img alt="" src="/upload/userfiles/images/vestochka/9s.jpg" /> </a></div>\r\n					<div>\r\n						<a class="fancybox" href="/upload/userfiles/images/vestochka/10b.jpg" rel="group"><img alt="" src="/upload/userfiles/images/vestochka/10s.jpg" /> </a></div>\r\n					<div>\r\n						<a class="fancybox" href="/upload/userfiles/images/vestochka/8b.jpg" rel="group"><img alt="" src="/upload/userfiles/images/vestochka/8s.jpg" /> </a></div>\r\n					<div>\r\n						&nbsp;</div>\r\n				</div>\r\n			</div>\r\n			<div>\r\n				<div>\r\n					<span style="color: rgb(0, 128, 128);">LeadCard Boy</span></div>\r\n				<div>\r\n					<div>\r\n						Размер &nbsp;14,5x14,5 см</div>\r\n					<div>\r\n						ЦЕНА 190 руб</div>\r\n					<div class="photo_block">\r\n						<div>\r\n							<a class="fancybox" href="/upload/userfiles/images/vestochka/11b.jpg" rel="group"><img alt="" src="/upload/userfiles/images/vestochka/11s.jpg" /></a></div>\r\n						<div>\r\n							<a class="fancybox" href="/upload/userfiles/images/vestochka/7b.jpg" rel="group"><img alt="" src="/upload/userfiles/images/vestochka/7s.jpg" /></a></div>\r\n						<div>\r\n							<a class="fancybox" href="/upload/userfiles/images/vestochka/8b.jpg" rel="group"><img alt="" src="/upload/userfiles/images/vestochka/8s.jpg" /></a></div>\r\n					</div>\r\n				</div>\r\n			</div>\r\n			<div>\r\n				<div>\r\n					<div>\r\n						<p>\r\n<div>\r\n		<div class="like_block">\r\n			<div id="vk_like">\r\n				&nbsp;</div>\r\n			<script type="text/javascript">\r\nVK.Widgets.Like("vk_like", {type: "button"});\r\n</script>\r\n			<div id="fb-root">\r\n				&nbsp;</div>\r\n			<script>(function(d, s, id) {\r\n  var js, fjs = d.getElementsByTagName(s)[0];\r\n  if (d.getElementById(id)) return;\r\n  js = d.createElement(s); js.id = id;\r\n  js.src = "//connect.facebook.net/ru_RU/all.js#xfbml=1";\r\n  fjs.parentNode.insertBefore(js, fjs);\r\n}(document, ''script'', ''facebook-jssdk''));</script>\r\n			<div class="fb-like" data-layout="button_count" data-send="false" data-show-faces="false" data-width="450">\r\n				&nbsp;</div>\r\n		</div>\r\n		<script type="text/javascript" src="/js/share42.js"></script>\r\n		<p style="clear:both">\r\n			&nbsp;</p>\r\n							<img src="/upload/userfiles/images/%D0%B3%D0%B0%D0%BB%D1%8F5.png" style="margin-right: 10px; float: left; width: 85px; height: 85px;" />Дизайнер Галина Колмогорцева</p>\r\n						<p>\r\n							<a class="bullet read-more" href="http://leadmama.ru/page/contact">ЗАКАЗАТЬ</a></p>\r\n					</div>\r\n				</div>\r\n				<div>\r\n					&nbsp;</div>\r\n			</div>\r\n		</div>\r\n	</div>\r\n</div>\r\n<p>\r\n	&nbsp;</p>\r\n', '', '', ''),
(47, 'postcard', 'Весточки о рождении', '<h3>\r\n	Весточка о рождении</h3>\r\n<ul>\r\n	<li>\r\n		Отправьте почтовую открытку бабушке с весточкой о рождении &nbsp;всего за 30 руб!</li>\r\n	<li>\r\n		Выбери большой формат А4 в рамке за 250 руб</li>\r\n</ul>\r\n<p>\r\n	Доставка: 200 руб курьеру или 80 руб в пункт самовывоза</p>\r\n<div class="photo_block">\r\n	<div>\r\n		<a class="fancybox" href="/upload/userfiles/images/vestochka/12b.png" rel="group"><img alt="" src="/upload/userfiles/images/vestochka/12s.png" /></a></div>\r\n	<div>\r\n		<a class="fancybox" href="/upload/userfiles/images/vestochka/13b.jpg" rel="group"><img alt="" src="/upload/userfiles/images/vestochka/13s.jpg" /></a></div>\r\n	<div>\r\n		<a class="fancybox" href="/upload/userfiles/images/vestochka/14b.jpg" rel="group"><img alt="" src="/upload/userfiles/images/vestochka/14s.jpg" /></a></div>\r\n	<div>\r\n		<a class="fancybox" href="/upload/userfiles/images/vestochka/15b.jpg" rel="group"><img alt="" src="/upload/userfiles/images/vestochka/15s.jpg" /></a></div>\r\n	<div>\r\n		<a class="fancybox" href="/upload/userfiles/images/vestochka/16b.png" rel="group"><img alt="" src="/upload/userfiles/images/vestochka/16s.png" /></a></div>\r\n</div>\r\n<div>\r\n	<div>\r\n<div>\r\n		<div class="like_block">\r\n			<div id="vk_like">\r\n				&nbsp;</div>\r\n			<script type="text/javascript">\r\nVK.Widgets.Like("vk_like", {type: "button"});\r\n</script>\r\n			<div id="fb-root">\r\n				&nbsp;</div>\r\n			<script>(function(d, s, id) {\r\n  var js, fjs = d.getElementsByTagName(s)[0];\r\n  if (d.getElementById(id)) return;\r\n  js = d.createElement(s); js.id = id;\r\n  js.src = "//connect.facebook.net/ru_RU/all.js#xfbml=1";\r\n  fjs.parentNode.insertBefore(js, fjs);\r\n}(document, ''script'', ''facebook-jssdk''));</script>\r\n			<div class="fb-like" data-layout="button_count" data-send="false" data-show-faces="false" data-width="450">\r\n				&nbsp;</div>\r\n		</div>\r\n		<script type="text/javascript" src="/js/share42.js"></script>\r\n		<p style="clear:both">\r\n			&nbsp;</p>\r\n		<p>\r\n			<img src="/upload/userfiles/images/ната4.png" style="margin-right: 10px; float: left; width: 85px; height: 84px;" />Дизайнер Наталья Гордеева</p>\r\n		<p>\r\n			<a class="bullet read-more" href="http://leadmama.ru/page/contact">ЗАКАЗАТЬ</a></p>\r\n	</div>\r\n	<div>\r\n		&nbsp;</div>\r\n</div>\r\n<p>\r\n	&nbsp;</p>\r\n', '', '', ''),
(48, 'tradition', 'Семейные традиции', '<p>\r\n	Интересные статьи про семейные традиции!</p>\r\n<p>\r\n	&nbsp;</p>\r\n', '', '', ''),
(49, 'dostavka', 'Доставка', '<h3>\r\n	Стоимось доставки</h3>\r\n<ul>\r\n	<li>\r\n		При заказе ежемесячной подписки на страницы онлайн-дневника мы отправляем заказы почтой России. Доставка бесплатная для наших подписчиков. Занимает обычно 3-10 дней.&nbsp;</li>\r\n	<li>\r\n		При заказе подарков в нашей студии FamilyStudio возможны варианты доставки:</li>\r\n</ul>\r\n<h3>\r\n	Пункт Самовывоза - 100 руб</h3>\r\n<h3>\r\n	Курьерская доставка:</h3>\r\n<ul>\r\n	<li style="margin: 0px; padding: 0px; border: 0px; outline: 0px; vertical-align: baseline; background-color: transparent; list-style-type: disc;">\r\n		<span style="background-color: transparent;">Москва (на следующий) - 230 руб</span></li>\r\n	<li style="margin: 0px; padding: 0px; border: 0px; outline: 0px; vertical-align: baseline; background-color: transparent; list-style-type: disc;">\r\n		Санкт-Петербург (1-2 дня) - 200 руб</li>\r\n	<li style="margin: 0px; padding: 0px; border: 0px; outline: 0px; vertical-align: baseline; background-color: transparent; list-style-type: disc;">\r\n		Н. Новгород&nbsp;(2-3 дня) - 230 руб</li>\r\n	<li style="margin: 0px; padding: 0px; border: 0px; outline: 0px; vertical-align: baseline; background-color: transparent; list-style-type: disc;">\r\n		Екатеринбург&nbsp;(3-4 дня)&nbsp;- 230 руб</li>\r\n	<li style="margin: 0px; padding: 0px; border: 0px; outline: 0px; vertical-align: baseline; background-color: transparent; list-style-type: disc;">\r\n		Челябинск&nbsp;(3-4 дня)&nbsp;- 230 руб</li>\r\n	<li style="margin: 0px; padding: 0px; border: 0px; outline: 0px; vertical-align: baseline; background-color: transparent; list-style-type: disc;">\r\n		Тюмень&nbsp;(3-4 дня)&nbsp;- 230 руб</li>\r\n	<li style="margin: 0px; padding: 0px; border: 0px; outline: 0px; vertical-align: baseline; background-color: transparent; list-style-type: disc;">\r\n		Владимир&nbsp;(2-3 дня)&nbsp;- 230 руб</li>\r\n	<li style="margin: 0px; padding: 0px; border: 0px; outline: 0px; vertical-align: baseline; background-color: transparent; list-style-type: disc;">\r\n		Тула(2-3 дня)&nbsp;- 230 руб</li>\r\n	<li style="margin: 0px; padding: 0px; border: 0px; outline: 0px; vertical-align: baseline; background-color: transparent; list-style-type: disc;">\r\n		Калуга&nbsp;(2-3 дня)&nbsp;- 230 руб</li>\r\n	<li style="margin: 0px; padding: 0px; border: 0px; outline: 0px; vertical-align: baseline; background-color: transparent; list-style-type: disc;">\r\n		Рязань&nbsp;(2-3 дня)&nbsp;- 230 руб</li>\r\n	<li style="margin: 0px; padding: 0px; border: 0px; outline: 0px; vertical-align: baseline; background-color: transparent; list-style-type: disc;">\r\n		Ростов-на-дону&nbsp;(3-4 дня)&nbsp;- 230 руб</li>\r\n	<li style="margin: 0px; padding: 0px; border: 0px; outline: 0px; vertical-align: baseline; background-color: transparent; list-style-type: disc;">\r\n		Тверь&nbsp;(2-3 дня)&nbsp;- 230 руб</li>\r\n	<li style="margin: 0px; padding: 0px; border: 0px; outline: 0px; vertical-align: baseline; background-color: transparent; list-style-type: disc;">\r\n		Ярославль&nbsp;(2-3 дня)&nbsp;- 230 руб</li>\r\n	<li style="margin: 0px; padding: 0px; border: 0px; outline: 0px; vertical-align: baseline; background-color: transparent; list-style-type: disc;">\r\n		Кострома&nbsp;(2-3 дня)&nbsp;- 230 руб</li>\r\n	<li style="margin: 0px; padding: 0px; border: 0px; outline: 0px; vertical-align: baseline; background-color: transparent; list-style-type: disc;">\r\n		Орел&nbsp;(2-3 дня)&nbsp;- 230 руб</li>\r\n	<li style="margin: 0px; padding: 0px; border: 0px; outline: 0px; vertical-align: baseline; background-color: transparent; list-style-type: disc;">\r\n		Брянск&nbsp;(2-3 дня)&nbsp;- 230 руб</li>\r\n	<li style="margin: 0px; padding: 0px; border: 0px; outline: 0px; vertical-align: baseline; background-color: transparent; list-style-type: disc;">\r\n		Вологда&nbsp;(2-3 дня)&nbsp;- 230 руб</li>\r\n	<li style="margin: 0px; padding: 0px; border: 0px; outline: 0px; vertical-align: baseline; background-color: transparent; list-style-type: disc;">\r\n		Иваново&nbsp;(2-3 дня)&nbsp;- 230 руб</li>\r\n</ul>\r\n<div>\r\n	<hr />\r\n	<h3>\r\n		<img src="/upload/userfiles/images/anna4.png" style="margin-right: 10px; float: left; width: 100px; height: 100px;" />Заказать</h3>\r\n	<div>\r\n		Выбери свой вариант и закажи по телефону +7 921 858 07 88 или по почте&nbsp;<a class="js-a" data-calls="source_remover" href="https://phpanel.ru/user/mail#" style="color: rgb(0, 0, 0); border-top-color: rgb(0, 0, 0); border-right-color: rgb(0, 0, 0); border-left-color: rgb(0, 0, 0); border-bottom-width: 1px; border-bottom-style: dotted; text-decoration: none; cursor: pointer; font-family: Arial, Helvetica, sans-serif; font-size: 13px; line-height: 17px; white-space: nowrap;">sales@leadmama.ru</a></div>\r\n	<div>\r\n		Можете оформить заказ через наши группы: &nbsp;&nbsp;</div>\r\n	<div>\r\n		<a href="http://vk.com/leadmamastudio"><img alt="" src="/upload/userfiles/images/icon_64x64.png" style="width: 30px; height: 30px;" /></a>&nbsp; &nbsp; &nbsp;<a href="https://www.facebook.com/leadmama"><img alt="" src="/upload/userfiles/images/facebook-logo-e1306520140106.png" style="width: 30px; height: 29px;" /></a>&nbsp; &nbsp; &nbsp; &nbsp; &nbsp; &nbsp;</div>\r\n	<div>\r\n		Анна Буданова</div>\r\n</div>\r\n<p>\r\n	&nbsp;</p>\r\n', '', '', ''),
(51, 'art', 'Творчество', '<div class="photo_block">\r\n	<h3>\r\n		Дизайн творческого дневника Artbook</h3>\r\n	<div>\r\n		<p>\r\n			Ваш фотодневник в печатном виде:</p>\r\n		<h3>\r\n			<a class="fancybox" href="/upload/userfiles/images/artbook/1b.PNG" rel="group" style="font-size: 12px;"><img alt="" src="/upload/userfiles/images/artbook/1s.PNG" /></a>&nbsp;&nbsp;<a class="fancybox" href="/upload/userfiles/images/artbook/2b.JPG" rel="group" style="font-size: 12px;"><img alt="" src="/upload/userfiles/images/artbook/2s.JPG" /></a><span style="font-size: 12px;">&nbsp;&nbsp;</span></h3>\r\n	</div>\r\n</div>\r\n<div class="like_block">\r\n	<div id="vk_like">\r\n		&nbsp;</div>\r\n	<script type="text/javascript">\r\nVK.Widgets.Like("vk_like", {type: "button"});\r\n</script>\r\n	<div id="fb-root">\r\n		&nbsp;</div>\r\n	<script>(function(d, s, id) {\r\n  var js, fjs = d.getElementsByTagName(s)[0];\r\n  if (d.getElementById(id)) return;\r\n  js = d.createElement(s); js.id = id;\r\n  js.src = "//connect.facebook.net/ru_RU/all.js#xfbml=1";\r\n  fjs.parentNode.insertBefore(js, fjs);\r\n}(document, ''script'', ''facebook-jssdk''));</script>\r\n	<div class="fb-like" data-layout="button_count" data-send="false" data-show-faces="false" data-width="450">\r\n		&nbsp;</div>\r\n</div>\r\n<div class="share42init" data-path="/images/">\r\n	&nbsp;</div>\r\n<script type="text/javascript" src="/js/share42.js"></script>\r\n<p style="clear:both">\r\n	&nbsp;</p>\r\n<p>\r\n	&nbsp;</p>\r\n<p>\r\n	&nbsp;</p>\r\n', '', '', ''),
(52, 'style1', 'Стильная мама', '<h3>\r\n	Сам себе стилист: Настроение и образ</h3>\r\n<p>\r\n	<img src="/upload/userfiles/images/%D0%BD%D0%B0%D1%81%D1%82%D1%80%D0%BE%D0%B5%D0%BD%D0%B8%D0%B5.jpg" style="margin-right: 10px; float: left; width: 95px; height: 143px;" />Стиль таится в мелочах. Порой, целостность нашего образа полностью определяется удачно подобранной формой сумки, цветом джинсов или идентичностью цветочного рисунка летнего платья и заколки в волосах. Какие же детали определяют настроение образа и делают его стильным? Предлагаю вашему вниманию маленькие подсказки, которые помогут вам каждый день создавать приятные глазу образы, отражающие ваше настроение и соответствующие ситуации.</p>\r\n<p>\r\n	&nbsp;</p>\r\n<p>\r\n	1. Настроение создают цвета. Каждый цвет обладает определенным психологическим посылом, транслируемым тому, кто на него смотрит. Синий дает ощущение прохлады и спокойствия, красный возбуждает, желтый заряжает оптимизмом, белый дарит чувство свежести, розовый &ndash; легкомысленности, коричневый &ndash; консервативности и основательности.</p>\r\n<p>\r\n	2. Материал обуви. Лакированные туфли/ботинки подойдут исключительно для торжественных случаев или выходов в свет в сочетании с классическим нарядом. Они создают ощущение праздника и важности момента и не подходят для офиса или отдыха. Кожа &ndash; универсальный материал, его можно обыграть в различных по настроению образах. Ткань, нубук, замша &ndash; более мягкие и теплые для восприятия материалы, они идеальны для создания комфортных, повседневных или располагающих образов.</p>\r\n<p>\r\n	3. Блуза/топ/рубашка. Что бы вы ни надели на верхнюю часть тела &ndash; блузу, рубашку, топ, футболку &ndash; помните, что заправленный верх придает образу собранности, деловитости, рациональности. Рубашка или блуза навыпуск придают образу непринужденности, расслабленности, непосредственности. Непринужденность в образе создают также закатанные рукава рубашки или футболки.</p>\r\n<p>\r\n	4. Прическа. Если вы хотите придать образу сдержанности и транслировать деловой настрой, остановитесь на гладких и аккуратных прическах с четкими линиями. Если ваш образ сегодня расслабленный и естественный, то его идеально подчеркнут нарочито небрежные прически или естественно распущенные волосы.</p>\r\n<p>\r\n	5. Форма имеет значение. При создании образа обращайте внимание на форму ваших аксессуаров. Четкие линии квадратных сумок, геометричных браслетов или кулонов создают впечатление жесткости, уверенности в себе, настойчивости. Округлые формы транслируют мягкость, коммуникабельность, в сочетании с цветочными образами в аксессуарах &ndash; непосредственность, наивность. Забавные рисунки или коллажи на сумках и в аксессуарах говорят о самоиронии и чувстве юмора.</p>\r\n<p>\r\n	&nbsp;</p>\r\n<div class="like_block">\r\n	<div id="vk_like">\r\n		&nbsp;</div>\r\n	<script type="text/javascript">\r\nVK.Widgets.Like("vk_like", {type: "button"});\r\n</script>\r\n	<div id="fb-root">\r\n		&nbsp;</div>\r\n	<script>(function(d, s, id) {\r\n  var js, fjs = d.getElementsByTagName(s)[0];\r\n  if (d.getElementById(id)) return;\r\n  js = d.createElement(s); js.id = id;\r\n  js.src = "//connect.facebook.net/ru_RU/all.js#xfbml=1";\r\n  fjs.parentNode.insertBefore(js, fjs);\r\n}(document, ''script'', ''facebook-jssdk''));</script>\r\n	<div class="fb-like" data-layout="button_count" data-send="false" data-show-faces="false" data-width="450">\r\n		&nbsp;</div>\r\n</div>\r\n<div class="share42init" data-path="/images/">\r\n	&nbsp;</div>\r\n<p>\r\n	&nbsp;</p>\r\n', '', '', '');

-- --------------------------------------------------------

--
-- Table structure for table `photoalbums`
--

CREATE TABLE IF NOT EXISTS `photoalbums` (
  `id` int(10) unsigned NOT NULL auto_increment,
  `baby_id` int(10) unsigned NOT NULL,
  `title` varchar(255) NOT NULL,
  `photo` varchar(50) NOT NULL,
  `description` text NOT NULL,
  PRIMARY KEY  (`id`),
  KEY `photoalbum_baby` (`baby_id`)
) ENGINE=InnoDB  DEFAULT CHARSET=utf8 AUTO_INCREMENT=52 ;

--
-- Dumping data for table `photoalbums`
--

INSERT INTO `photoalbums` (`id`, `baby_id`, `title`, `photo`, `description`) VALUES
(14, 12, '123', '5134ccf87b4be.jpg', '4123'),
(15, 10, 'Плаванье', '5137b22ca9169.jpg', 'плаванье'),
(16, 10, 'Птички', '513b397ce2f0a.jpg', 'октябрь 2012'),
(17, 10, '1 месяц', '51716e1a89d64.jpg', 'Первый месяц 07-08/2011'),
(18, 24, '234', '516d462e0aa0f.jpg', '234234'),
(19, 10, 'Гуляем', '5171a1e8d4b35.jpg', '<font size="4" color="#ff0000" face="Arial"><b style="background-color: rgb(255, 255, 255);">Фото с прогулок</b></font>'),
(24, 10, 'Инстаграм', '5176f9f6611ae.jpg', 'Фото из инстаграма'),
(25, 10, 'пасха', '51a2011a0e0ef.jpg', 'Пасха 2013 Иматра'),
(26, 28, 'первый месяц', '', 'Первый месяц жизни'),
(27, 29, 'Лука', '51c358e62cd0f.jpg', 'Лука'),
(28, 11, 'Привет!Я родился!', '51d6aa036ef65.jpg', '15 октября 2011г. состоялась торжественная выписка Волынкина Тимофея Андреевича!'),
(29, 11, 'Тимофей 1 месяц.', '51d6acc389ba4.jpg', '<font face="Arial">Вот и стал я на месяц взрослей!!!!!</font>'),
(30, 11, 'Тимофей 3 месяца.', '51d6aeb56cfd3.jpg', 'Наступил 2012год...Растем!'),
(31, 11, 'Крестины', '51d6b1235d5f3.jpg', '19 мая 2012г состоялось таинство крещения.Я конечно тяжко всё это перенес!'),
(32, 11, 'Синее море', '51d6b45f38e70.jpg', 'Мне тут 1 год.'),
(33, 11, 'Мой первый День Рождения!', '51dbeac41146c.jpg', '11 октября 2012 года, мне исполнился 1 год.Мама сделала замечательный праздник для меня,в котором участвовали самые близкие и любимые. Мама-Таня, папа-Андрей, бабушки-Наталья и Вера, дедушка-Миша, тетя Ира и дядя Андрей,моя двоюродная сестренка-Сашенька.Крестные-Оля и Рома,а также наша подружка Алиса с мамой Аней.Да и ещё всё это снимала фотограф Ольга Красавина'),
(34, 36, 'Дочь', '51df1ad437a5c.jpg', 'От рождения до 4 месяцев.'),
(37, 50, 'До твоего появления на свет', '', '26.06.2011 - Последние М<br>15.07.2011 - В Риге (зачатие)<br>__.08.2011 - Две полоски на тесте<br>06.08.2011 - В Турции передала привет маме "лапкой из капель воды"<br>__.__.2011 - Первое узи<br>__.__.2011 - Второе узи, мы узнали твой пол<br>__.__.2012 - Третье узи<br><br>Первое фото<br>Необычные желания во время Б<br>Первые шевелюшки<br><br>'),
(38, 50, 'В роддоме', '', 'Анюта родилась в пятницу 13.04.12 в 13:35 в роддоме города Кронштадта.<br><br>В роддоме мы провели 4 дня. Во вторник 17 апреля нас выписали домой. <br><br>НАПИСАТЬ:<br>первая прививка<br>совместные завтраки<br><br><br>'),
(39, 50, '0-1 месяц', '', '13.04.12 Первая встреча с мамой<br>17.04.12 (4 дня) Мы приехали домой. Первая встреча с папой и родственниками папы.<br>26.04.12 (13 дней) Тебе всего 2 недели, а ты уже придерживаешь соску.<br>27.04.12 (14 дней) Первая прогулка в коляске и первое ТО коляски<br>29.04.12 (16 дней) Первая поездка в гости к родственникам мамы на машине<br>08.05.12 (25 дней) Получили свидетельство о рождении и твою первую медаль<br><br>НАПИСАТЬ: первое плавание, первое плавание с кругом, перешла на ночной сон без пробуждения.<br>'),
(40, 50, '2 месяца', '', 'Умения: держит игрушку<br><br>Игрушка "Жужа". Мама пела песенку:<br>Жу-жу-жу, жу-жу-жу,<br>С Аней я давно дружу,<br>Жу-жу-жу, жу-жу-жу,<br>В гости каждый день хожу.<br>Жу-жу-жу, жу-жу-жу,<br>Ане сказку расскажу,<br>Жу-жу-жу, жу-жу-жу,<br>Спать лапулю уложу.<br><br>08.07.12 (2 м 26 д) Перевернулась с живота на спину<br>__.17.12 (2 м __ д) Получили первый загранпаспорт<br><br>НАПИСАТЬ смешные истории:<br>1. "тсс" бабушке (приехали от Игорюши, она спала и бабушке рот закрыла ладошкой)<br>2."ноги, ноги, ноги" Настя и Андрей'),
(41, 50, '3 месяца', '', '18.07.12 (3 м 5 д) Получили первую визу<br>05.08.12 (3 м 23 д) Первая поездка заграницу - в Финляндию, в Лаппеенранту<br>08.08.12 (3 м 27 д) Первый смех<br>'),
(42, 50, '4 месяца', '', '__.__.12 Первый отель<br>17.08.12 (4 м 4 д) В Калининграде - фото с прабабушкой<br>30.08.12 (4 м 18 д) Перевернулась со спины на живот<br>'),
(43, 50, '5 месяцев', '', 'Умения:<span style="font-size:10.0pt;font-family:&quot;Times New Roman&quot;,&quot;serif&quot;"> Научилась\r\nвставать на четвереньки и раскачиваться в таком положении вперед-назад.\r\nНесколько секунд сидит самостоятельно, с поддержкой стоит. </span>\r\n\r\n<!--[if gte mso 9]><xml>\r\n <w:WordDocument>\r\n  <w:View>Normal</w:View>\r\n  <w:Zoom>0</w:Zoom>\r\n  <w:TrackMoves/>\r\n  <w:TrackFormatting/>\r\n  <w:PunctuationKerning/>\r\n  <w:ValidateAgainstSchemas/>\r\n  <w:SaveIfXMLInvalid>false</w:SaveIfXMLInvalid>\r\n  <w:IgnoreMixedContent>false</w:IgnoreMixedContent>\r\n  <w:AlwaysShowPlaceholderText>false</w:AlwaysShowPlaceholderText>\r\n  <w:DoNotPromoteQF/>\r\n  <w:LidThemeOther>RU</w:LidThemeOther>\r\n  <w:LidThemeAsian>X-NONE</w:LidThemeAsian>\r\n  <w:LidThemeComplexScript>X-NONE</w:LidThemeComplexScript>\r\n  <w:Compatibility>\r\n   <w:BreakWrappedTables/>\r\n   <w:SnapToGridInCell/>\r\n   <w:WrapTextWithPunct/>\r\n   <w:UseAsianBreakRules/>\r\n   <w:DontGrowAutofit/>\r\n   <w:SplitPgBreakAndParaMark/>\r\n   <w:DontVertAlignCellWithSp/>\r\n   <w:DontBreakConstrainedForcedTables/>\r\n   <w:DontVertAlignInTxbx/>\r\n   <w:Word11KerningPairs/>\r\n   <w:CachedColBalance/>\r\n   <w:UseFELayout/>\r\n  </w:Compatibility>\r\n  <m:mathPr>\r\n   <m:mathFont m:val="Cambria Math"/>\r\n   <m:brkBin m:val="before"/>\r\n   <m:brkBinSub m:val="--"/>\r\n   <m:smallFrac m:val="off"/>\r\n   <m:dispDef/>\r\n   <m:lMargin m:val="0"/>\r\n   <m:rMargin m:val="0"/>\r\n   <m:defJc m:val="centerGroup"/>\r\n   <m:wrapIndent m:val="1440"/>\r\n   <m:intLim m:val="subSup"/>\r\n   <m:naryLim m:val="undOvr"/>\r\n  </m:mathPr></w:WordDocument>\r\n</xml><![endif]--><!--[if gte mso 9]><xml>\r\n <w:LatentStyles DefLockedState="false" DefUnhideWhenUsed="true"\r\n  DefSemiHidden="true" DefQFormat="false" DefPriority="99"\r\n  LatentStyleCount="267">\r\n  <w:LsdException Locked="false" Priority="0" SemiHidden="false"\r\n   UnhideWhenUsed="false" QFormat="true" Name="Normal"/>\r\n  <w:LsdException Locked="false" Priority="9" SemiHidden="false"\r\n   UnhideWhenUsed="false" QFormat="true" Name="heading 1"/>\r\n  <w:LsdException Locked="false" Priority="9" QFormat="true" Name="heading 2"/>\r\n  <w:LsdException Locked="false" Priority="9" QFormat="true" Name="heading 3"/>\r\n  <w:LsdException Locked="false" Priority="9" QFormat="true" Name="heading 4"/>\r\n  <w:LsdException Locked="false" Priority="9" QFormat="true" Name="heading 5"/>\r\n  <w:LsdException Locked="false" Priority="9" QFormat="true" Name="heading 6"/>\r\n  <w:LsdException Locked="false" Priority="9" QFormat="true" Name="heading 7"/>\r\n  <w:LsdException Locked="false" Priority="9" QFormat="true" Name="heading 8"/>\r\n  <w:LsdException Locked="false" Priority="9" QFormat="true" Name="heading 9"/>\r\n  <w:LsdException Locked="false" Priority="39" Name="toc 1"/>\r\n  <w:LsdException Locked="false" Priority="39" Name="toc 2"/>\r\n  <w:LsdException Locked="false" Priority="39" Name="toc 3"/>\r\n  <w:LsdException Locked="false" Priority="39" Name="toc 4"/>\r\n  <w:LsdException Locked="false" Priority="39" Name="toc 5"/>\r\n  <w:LsdException Locked="false" Priority="39" Name="toc 6"/>\r\n  <w:LsdException Locked="false" Priority="39" Name="toc 7"/>\r\n  <w:LsdException Locked="false" Priority="39" Name="toc 8"/>\r\n  <w:LsdException Locked="false" Priority="39" Name="toc 9"/>\r\n  <w:LsdException Locked="false" Priority="35" QFormat="true" Name="caption"/>\r\n  <w:LsdException Locked="false" Priority="10" SemiHidden="false"\r\n   UnhideWhenUsed="false" QFormat="true" Name="Title"/>\r\n  <w:LsdException Locked="false" Priority="1" Name="Default Paragraph Font"/>\r\n  <w:LsdException Locked="false" Priority="11" SemiHidden="false"\r\n   UnhideWhenUsed="false" QFormat="true" Name="Subtitle"/>\r\n  <w:LsdException Locked="false" Priority="22" SemiHidden="false"\r\n   UnhideWhenUsed="false" QFormat="true" Name="Strong"/>\r\n  <w:LsdException Locked="false" Priority="20" SemiHidden="false"\r\n   UnhideWhenUsed="false" QFormat="true" Name="Emphasis"/>\r\n  <w:LsdException Locked="false" Priority="59" SemiHidden="false"\r\n   UnhideWhenUsed="false" Name="Table Grid"/>\r\n  <w:LsdException Locked="false" UnhideWhenUsed="false" Name="Placeholder Text"/>\r\n  <w:LsdException Locked="false" Priority="1" SemiHidden="false"\r\n   UnhideWhenUsed="false" QFormat="true" Name="No Spacing"/>\r\n  <w:LsdException Locked="false" Priority="60" SemiHidden="false"\r\n   UnhideWhenUsed="false" Name="Light Shading"/>\r\n  <w:LsdException Locked="false" Priority="61" SemiHidden="false"\r\n   UnhideWhenUsed="false" Name="Light List"/>\r\n  <w:LsdException Locked="false" Priority="62" SemiHidden="false"\r\n   UnhideWhenUsed="false" Name="Light Grid"/>\r\n  <w:LsdException Locked="false" Priority="63" SemiHidden="false"\r\n   UnhideWhenUsed="false" Name="Medium Shading 1"/>\r\n  <w:LsdException Locked="false" Priority="64" SemiHidden="false"\r\n   UnhideWhenUsed="false" Name="Medium Shading 2"/>\r\n  <w:LsdException Locked="false" Priority="65" SemiHidden="false"\r\n   UnhideWhenUsed="false" Name="Medium List 1"/>\r\n  <w:LsdException Locked="false" Priority="66" SemiHidden="false"\r\n   UnhideWhenUsed="false" Name="Medium List 2"/>\r\n  <w:LsdException Locked="false" Priority="67" SemiHidden="false"\r\n   UnhideWhenUsed="false" Name="Medium Grid 1"/>\r\n  <w:LsdException Locked="false" Priority="68" SemiHidden="false"\r\n   UnhideWhenUsed="false" Name="Medium Grid 2"/>\r\n  <w:LsdException Locked="false" Priority="69" SemiHidden="false"\r\n   UnhideWhenUsed="false" Name="Medium Grid 3"/>\r\n  <w:LsdException Locked="false" Priority="70" SemiHidden="false"\r\n   UnhideWhenUsed="false" Name="Dark List"/>\r\n  <w:LsdException Locked="false" Priority="71" SemiHidden="false"\r\n   UnhideWhenUsed="false" Name="Colorful Shading"/>\r\n  <w:LsdException Locked="false" Priority="72" SemiHidden="false"\r\n   UnhideWhenUsed="false" Name="Colorful List"/>\r\n  <w:LsdException Locked="false" Priority="73" SemiHidden="false"\r\n   UnhideWhenUsed="false" Name="Colorful Grid"/>\r\n  <w:LsdException Locked="false" Priority="60" SemiHidden="false"\r\n   UnhideWhenUsed="false" Name="Light Shading Accent 1"/>\r\n  <w:LsdException Locked="false" Priority="61" SemiHidden="false"\r\n   UnhideWhenUsed="false" Name="Light List Accent 1"/>\r\n  <w:LsdException Locked="false" Priority="62" SemiHidden="false"\r\n   UnhideWhenUsed="false" Name="Light Grid Accent 1"/>\r\n  <w:LsdException Locked="false" Priority="63" SemiHidden="false"\r\n   UnhideWhenUsed="false" Name="Medium Shading 1 Accent 1"/>\r\n  <w:LsdException Locked="false" Priority="64" SemiHidden="false"\r\n   UnhideWhenUsed="false" Name="Medium Shading 2 Accent 1"/>\r\n  <w:LsdException Locked="false" Priority="65" SemiHidden="false"\r\n   UnhideWhenUsed="false" Name="Medium List 1 Accent 1"/>\r\n  <w:LsdException Locked="false" UnhideWhenUsed="false" Name="Revision"/>\r\n  <w:LsdException Locked="false" Priority="34" SemiHidden="false"\r\n   UnhideWhenUsed="false" QFormat="true" Name="List Paragraph"/>\r\n  <w:LsdException Locked="false" Priority="29" SemiHidden="false"\r\n   UnhideWhenUsed="false" QFormat="true" Name="Quote"/>\r\n  <w:LsdException Locked="false" Priority="30" SemiHidden="false"\r\n   UnhideWhenUsed="false" QFormat="true" Name="Intense Quote"/>\r\n  <w:LsdException Locked="false" Priority="66" SemiHidden="false"\r\n   UnhideWhenUsed="false" Name="Medium List 2 Accent 1"/>\r\n  <w:LsdException Locked="false" Priority="67" SemiHidden="false"\r\n   UnhideWhenUsed="false" Name="Medium Grid 1 Accent 1"/>\r\n  <w:LsdException Locked="false" Priority="68" SemiHidden="false"\r\n   UnhideWhenUsed="false" Name="Medium Grid 2 Accent 1"/>\r\n  <w:LsdException Locked="false" Priority="69" SemiHidden="false"\r\n   UnhideWhenUsed="false" Name="Medium Grid 3 Accent 1"/>\r\n  <w:LsdException Locked="false" Priority="70" SemiHidden="false"\r\n   UnhideWhenUsed="false" Name="Dark List Accent 1"/>\r\n  <w:LsdException Locked="false" Priority="71" SemiHidden="false"\r\n   UnhideWhenUsed="false" Name="Colorful Shading Accent 1"/>\r\n  <w:LsdException Locked="false" Priority="72" SemiHidden="false"\r\n   UnhideWhenUsed="false" Name="Colorful List Accent 1"/>\r\n  <w:LsdException Locked="false" Priority="73" SemiHidden="false"\r\n   UnhideWhenUsed="false" Name="Colorful Grid Accent 1"/>\r\n  <w:LsdException Locked="false" Priority="60" SemiHidden="false"\r\n   UnhideWhenUsed="false" Name="Light Shading Accent 2"/>\r\n  <w:LsdException Locked="false" Priority="61" SemiHidden="false"\r\n   UnhideWhenUsed="false" Name="Light List Accent 2"/>\r\n  <w:LsdException Locked="false" Priority="62" SemiHidden="false"\r\n   UnhideWhenUsed="false" Name="Light Grid Accent 2"/>\r\n  <w:LsdException Locked="false" Priority="63" SemiHidden="false"\r\n   UnhideWhenUsed="false" Name="Medium Shading 1 Accent 2"/>\r\n  <w:LsdException Locked="false" Priority="64" SemiHidden="false"\r\n   UnhideWhenUsed="false" Name="Medium Shading 2 Accent 2"/>\r\n  <w:LsdException Locked="false" Priority="65" SemiHidden="false"\r\n   UnhideWhenUsed="false" Name="Medium List 1 Accent 2"/>\r\n  <w:LsdException Locked="false" Priority="66" SemiHidden="false"\r\n   UnhideWhenUsed="false" Name="Medium List 2 Accent 2"/>\r\n  <w:LsdException Locked="false" Priority="67" SemiHidden="false"\r\n   UnhideWhenUsed="false" Name="Medium Grid 1 Accent 2"/>\r\n  <w:LsdException Locked="false" Priority="68" SemiHidden="false"\r\n   UnhideWhenUsed="false" Name="Medium Grid 2 Accent 2"/>\r\n  <w:LsdException Locked="false" Priority="69" SemiHidden="false"\r\n   UnhideWhenUsed="false" Name="Medium Grid 3 Accent 2"/>\r\n  <w:LsdException Locked="false" Priority="70" SemiHidden="false"\r\n   UnhideWhenUsed="false" Name="Dark List Accent 2"/>\r\n  <w:LsdException Locked="false" Priority="71" SemiHidden="false"\r\n   UnhideWhenUsed="false" Name="Colorful Shading Accent 2"/>\r\n  <w:LsdException Locked="false" Priority="72" SemiHidden="false"\r\n   UnhideWhenUsed="false" Name="Colorful List Accent 2"/>\r\n  <w:LsdException Locked="false" Priority="73" SemiHidden="false"\r\n   UnhideWhenUsed="false" Name="Colorful Grid Accent 2"/>\r\n  <w:LsdException Locked="false" Priority="60" SemiHidden="false"\r\n   UnhideWhenUsed="false" Name="Light Shading Accent 3"/>\r\n  <w:LsdException Locked="false" Priority="61" SemiHidden="false"\r\n   UnhideWhenUsed="false" Name="Light List Accent 3"/>\r\n  <w:LsdException Locked="false" Priority="62" SemiHidden="false"\r\n   UnhideWhenUsed="false" Name="Light Grid Accent 3"/>\r\n  <w:LsdException Locked="false" Priority="63" SemiHidden="false"\r\n   UnhideWhenUsed="false" Name="Medium Shading 1 Accent 3"/>\r\n  <w:LsdException Locked="false" Priority="64" SemiHidden="false"\r\n   UnhideWhenUsed="false" Name="Medium Shading 2 Accent 3"/>\r\n  <w:LsdException Locked="false" Priority="65" SemiHidden="false"\r\n   UnhideWhenUsed="false" Name="Medium List 1 Accent 3"/>\r\n  <w:LsdException Locked="false" Priority="66" SemiHidden="false"\r\n   UnhideWhenUsed="false" Name="Medium List 2 Accent 3"/>\r\n  <w:LsdException Locked="false" Priority="67" SemiHidden="false"\r\n   UnhideWhenUsed="false" Name="Medium Grid 1 Accent 3"/>\r\n  <w:LsdException Locked="false" Priority="68" SemiHidden="false"\r\n   UnhideWhenUsed="false" Name="Medium Grid 2 Accent 3"/>\r\n  <w:LsdException Locked="false" Priority="69" SemiHidden="false"\r\n   UnhideWhenUsed="false" Name="Medium Grid 3 Accent 3"/>\r\n  <w:LsdException Locked="false" Priority="70" SemiHidden="false"\r\n   UnhideWhenUsed="false" Name="Dark List Accent 3"/>\r\n  <w:LsdException Locked="false" Priority="71" SemiHidden="false"\r\n   UnhideWhenUsed="false" Name="Colorful Shading Accent 3"/>\r\n  <w:LsdException Locked="false" Priority="72" SemiHidden="false"\r\n   UnhideWhenUsed="false" Name="Colorful List Accent 3"/>\r\n  <w:LsdException Locked="false" Priority="73" SemiHidden="false"\r\n   UnhideWhenUsed="false" Name="Colorful Grid Accent 3"/>\r\n  <w:LsdException Locked="false" Priority="60" SemiHidden="false"\r\n   UnhideWhenUsed="false" Name="Light Shading Accent 4"/>\r\n  <w:LsdException Locked="false" Priority="61" SemiHidden="false"\r\n   UnhideWhenUsed="false" Name="Light List Accent 4"/>\r\n  <w:LsdException Locked="false" Priority="62" SemiHidden="false"\r\n   UnhideWhenUsed="false" Name="Light Grid Accent 4"/>\r\n  <w:LsdException Locked="false" Priority="63" SemiHidden="false"\r\n   UnhideWhenUsed="false" Name="Medium Shading 1 Accent 4"/>\r\n  <w:LsdException Locked="false" Priority="64" SemiHidden="false"\r\n   UnhideWhenUsed="false" Name="Medium Shading 2 Accent 4"/>\r\n  <w:LsdException Locked="false" Priority="65" SemiHidden="false"\r\n   UnhideWhenUsed="false" Name="Medium List 1 Accent 4"/>\r\n  <w:LsdException Locked="false" Priority="66" SemiHidden="false"\r\n   UnhideWhenUsed="false" Name="Medium List 2 Accent 4"/>\r\n  <w:LsdException Locked="false" Priority="67" SemiHidden="false"\r\n   UnhideWhenUsed="false" Name="Medium Grid 1 Accent 4"/>\r\n  <w:LsdException Locked="false" Priority="68" SemiHidden="false"\r\n   UnhideWhenUsed="false" Name="Medium Grid 2 Accent 4"/>\r\n  <w:LsdException Locked="false" Priority="69" SemiHidden="false"\r\n   UnhideWhenUsed="false" Name="Medium Grid 3 Accent 4"/>\r\n  <w:LsdException Locked="false" Priority="70" SemiHidden="false"\r\n   UnhideWhenUsed="false" Name="Dark List Accent 4"/>\r\n  <w:LsdException Locked="false" Priority="71" SemiHidden="false"\r\n   UnhideWhenUsed="false" Name="Colorful Shading Accent 4"/>\r\n  <w:LsdException Locked="false" Priority="72" SemiHidden="false"\r\n   UnhideWhenUsed="false" Name="Colorful List Accent 4"/>\r\n  <w:LsdException Locked="false" Priority="73" SemiHidden="false"\r\n   UnhideWhenUsed="false" Name="Colorful Grid Accent 4"/>\r\n  <w:LsdException Locked="false" Priority="60" SemiHidden="false"\r\n   UnhideWhenUsed="false" Name="Light Shading Accent 5"/>\r\n  <w:LsdException Locked="false" Priority="61" SemiHidden="false"\r\n   UnhideWhenUsed="false" Name="Light List Accent 5"/>\r\n  <w:LsdException Locked="false" Priority="62" SemiHidden="false"\r\n   UnhideWhenUsed="false" Name="Light Grid Accent 5"/>\r\n  <w:LsdException Locked="false" Priority="63" SemiHidden="false"\r\n   UnhideWhenUsed="false" Name="Medium Shading 1 Accent 5"/>\r\n  <w:LsdException Locked="false" Priority="64" SemiHidden="false"\r\n   UnhideWhenUsed="false" Name="Medium Shading 2 Accent 5"/>\r\n  <w:LsdException Locked="false" Priority="65" SemiHidden="false"\r\n   UnhideWhenUsed="false" Name="Medium List 1 Accent 5"/>\r\n  <w:LsdException Locked="false" Priority="66" SemiHidden="false"\r\n   UnhideWhenUsed="false" Name="Medium List 2 Accent 5"/>\r\n  <w:LsdException Locked="false" Priority="67" SemiHidden="false"\r\n   UnhideWhenUsed="false" Name="Medium Grid 1 Accent 5"/>\r\n  <w:LsdException Locked="false" Priority="68" SemiHidden="false"\r\n   UnhideWhenUsed="false" Name="Medium Grid 2 Accent 5"/>\r\n  <w:LsdException Locked="false" Priority="69" SemiHidden="false"\r\n   UnhideWhenUsed="false" Name="Medium Grid 3 Accent 5"/>\r\n  <w:LsdException Locked="false" Priority="70" SemiHidden="false"\r\n   UnhideWhenUsed="false" Name="Dark List Accent 5"/>\r\n  <w:LsdException Locked="false" Priority="71" SemiHidden="false"\r\n   UnhideWhenUsed="false" Name="Colorful Shading Accent 5"/>\r\n  <w:LsdException Locked="false" Priority="72" SemiHidden="false"\r\n   UnhideWhenUsed="false" Name="Colorful List Accent 5"/>\r\n  <w:LsdException Locked="false" Priority="73" SemiHidden="false"\r\n   UnhideWhenUsed="false" Name="Colorful Grid Accent 5"/>\r\n  <w:LsdException Locked="false" Priority="60" SemiHidden="false"\r\n   UnhideWhenUsed="false" Name="Light Shading Accent 6"/>\r\n  <w:LsdException Locked="false" Priority="61" SemiHidden="false"\r\n   UnhideWhenUsed="false" Name="Light List Accent 6"/>\r\n  <w:LsdException Locked="false" Priority="62" SemiHidden="false"\r\n   UnhideWhenUsed="false" Name="Light Grid Accent 6"/>\r\n  <w:LsdException Locked="false" Priority="63" SemiHidden="false"\r\n   UnhideWhenUsed="false" Name="Medium Shading 1 Accent 6"/>\r\n  <w:LsdException Locked="false" Priority="64" SemiHidden="false"\r\n   UnhideWhenUsed="false" Name="Medium Shading 2 Accent 6"/>\r\n  <w:LsdException Locked="false" Priority="65" SemiHidden="false"\r\n   UnhideWhenUsed="false" Name="Medium List 1 Accent 6"/>\r\n  <w:LsdException Locked="false" Priority="66" SemiHidden="false"\r\n   UnhideWhenUsed="false" Name="Medium List 2 Accent 6"/>\r\n  <w:LsdException Locked="false" Priority="67" SemiHidden="false"\r\n   UnhideWhenUsed="false" Name="Medium Grid 1 Accent 6"/>\r\n  <w:LsdException Locked="false" Priority="68" SemiHidden="false"\r\n   UnhideWhenUsed="false" Name="Medium Grid 2 Accent 6"/>\r\n  <w:LsdException Locked="false" Priority="69" SemiHidden="false"\r\n   UnhideWhenUsed="false" Name="Medium Grid 3 Accent 6"/>\r\n  <w:LsdException Locked="false" Priority="70" SemiHidden="false"\r\n   UnhideWhenUsed="false" Name="Dark List Accent 6"/>\r\n  <w:LsdException Locked="false" Priority="71" SemiHidden="false"\r\n   UnhideWhenUsed="false" Name="Colorful Shading Accent 6"/>\r\n  <w:LsdException Locked="false" Priority="72" SemiHidden="false"\r\n   UnhideWhenUsed="false" Name="Colorful List Accent 6"/>\r\n  <w:LsdException Locked="false" Priority="73" SemiHidden="false"\r\n   UnhideWhenUsed="false" Name="Colorful Grid Accent 6"/>\r\n  <w:LsdException Locked="false" Priority="19" SemiHidden="false"\r\n   UnhideWhenUsed="false" QFormat="true" Name="Subtle Emphasis"/>\r\n  <w:LsdException Locked="false" Priority="21" SemiHidden="false"\r\n   UnhideWhenUsed="false" QFormat="true" Name="Intense Emphasis"/>\r\n  <w:LsdException Locked="false" Priority="31" SemiHidden="false"\r\n   UnhideWhenUsed="false" QFormat="true" Name="Subtle Reference"/>\r\n  <w:LsdException Locked="false" Priority="32" SemiHidden="false"\r\n   UnhideWhenUsed="false" QFormat="true" Name="Intense Reference"/>\r\n  <w:LsdException Locked="false" Priority="33" SemiHidden="false"\r\n   UnhideWhenUsed="false" QFormat="true" Name="Book Title"/>\r\n  <w:LsdException Locked="false" Priority="37" Name="Bibliography"/>\r\n  <w:LsdException Locked="false" Priority="39" QFormat="true" Name="TOC Heading"/>\r\n </w:LatentStyles>\r\n</xml><![endif]--><!--[if gte mso 10]>\r\n<style>\r\n /* Style Definitions */\r\n table.MsoNormalTable\r\n	{mso-style-name:"Обычная таблица";\r\n	mso-tstyle-rowband-size:0;\r\n	mso-tstyle-colband-size:0;\r\n	mso-style-noshow:yes;\r\n	mso-style-priority:99;\r\n	mso-style-qformat:yes;\r\n	mso-style-parent:"";\r\n	mso-padding-alt:0cm 5.4pt 0cm 5.4pt;\r\n	mso-para-margin-top:0cm;\r\n	mso-para-margin-right:0cm;\r\n	mso-para-margin-bottom:10.0pt;\r\n	mso-para-margin-left:0cm;\r\n	line-height:115%;\r\n	mso-pagination:widow-orphan;\r\n	font-size:11.0pt;\r\n	font-family:"Calibri","sans-serif";\r\n	mso-ascii-font-family:Calibri;\r\n	mso-ascii-theme-font:minor-latin;\r\n	mso-hansi-font-family:Calibri;\r\n	mso-hansi-theme-font:minor-latin;}\r\n</style>\r\n<![endif]--><br><br>29.09.12 (5 м 16 д) На свадьбе дяди Вити и тети Маши.<br><!--[if gte mso 9]><xml>\r\n <o:OfficeDocumentSettings>\r\n  <o:RelyOnVML/>\r\n  <o:AllowPNG/>\r\n </o:OfficeDocumentSettings>\r\n</xml><![endif]--><span style="font-size:10.0pt;line-height:115%;\r\nfont-family:&quot;Times New Roman&quot;,&quot;serif&quot;;mso-fareast-font-family:&quot;Times New Roman&quot;;\r\nmso-fareast-theme-font:minor-fareast;mso-ansi-language:RU;mso-fareast-language:\r\nRU;mso-bidi-language:AR-SA">Ходили на свадьбу дяди Вити и тети Маши. Провели на\r\nсвадьбе 5 часов, с удовольствием смотрела на гостей и на художницу, пока она\r\nрисовала твой шарж. Перед церемонией бракосочетания пообедала, после церемонии\r\nпол часа поспала. Первое время молчала, потом освоилась и рассмтривая интерьер\r\nотчетливо говорила «вау», чем веселила гостей на свадьбе.</span><!--[if gte mso 9]><xml>\r\n <w:WordDocument>\r\n  <w:View>Normal</w:View>\r\n  <w:Zoom>0</w:Zoom>\r\n  <w:TrackMoves/>\r\n  <w:TrackFormatting/>\r\n  <w:PunctuationKerning/>\r\n  <w:ValidateAgainstSchemas/>\r\n  <w:SaveIfXMLInvalid>false</w:SaveIfXMLInvalid>\r\n  <w:IgnoreMixedContent>false</w:IgnoreMixedContent>\r\n  <w:AlwaysShowPlaceholderText>false</w:AlwaysShowPlaceholderText>\r\n  <w:DoNotPromoteQF/>\r\n  <w:LidThemeOther>RU</w:LidThemeOther>\r\n  <w:LidThemeAsian>X-NONE</w:LidThemeAsian>\r\n  <w:LidThemeComplexScript>X-NONE</w:LidThemeComplexScript>\r\n  <w:Compatibility>\r\n   <w:BreakWrappedTables/>\r\n   <w:SnapToGridInCell/>\r\n   <w:WrapTextWithPunct/>\r\n   <w:UseAsianBreakRules/>\r\n   <w:DontGrowAutofit/>\r\n   <w:SplitPgBreakAndParaMark/>\r\n   <w:DontVertAlignCellWithSp/>\r\n   <w:DontBreakConstrainedForcedTables/>\r\n   <w:DontVertAlignInTxbx/>\r\n   <w:Word11KerningPairs/>\r\n   <w:CachedColBalance/>\r\n   <w:UseFELayout/>\r\n  </w:Compatibility>\r\n  <m:mathPr>\r\n   <m:mathFont m:val="Cambria Math"/>\r\n   <m:brkBin m:val="before"/>\r\n   <m:brkBinSub m:val="--"/>\r\n   <m:smallFrac m:val="off"/>\r\n   <m:dispDef/>\r\n   <m:lMargin m:val="0"/>\r\n   <m:rMargin m:val="0"/>\r\n   <m:defJc m:val="centerGroup"/>\r\n   <m:wrapIndent m:val="1440"/>\r\n   <m:intLim m:val="subSup"/>\r\n   <m:naryLim m:val="undOvr"/>\r\n  </m:mathPr></w:WordDocument>\r\n</xml><![endif]--><!--[if gte mso 9]><xml>\r\n <w:LatentStyles DefLockedState="false" DefUnhideWhenUsed="true"\r\n  DefSemiHidden="true" DefQFormat="false" DefPriority="99"\r\n  LatentStyleCount="267">\r\n  <w:LsdException Locked="false" Priority="0" SemiHidden="false"\r\n   UnhideWhenUsed="false" QFormat="true" Name="Normal"/>\r\n  <w:LsdException Locked="false" Priority="9" SemiHidden="false"\r\n   UnhideWhenUsed="false" QFormat="true" Name="heading 1"/>\r\n  <w:LsdException Locked="false" Priority="9" QFormat="true" Name="heading 2"/>\r\n  <w:LsdException Locked="false" Priority="9" QFormat="true" Name="heading 3"/>\r\n  <w:LsdException Locked="false" Priority="9" QFormat="true" Name="heading 4"/>\r\n  <w:LsdException Locked="false" Priority="9" QFormat="true" Name="heading 5"/>\r\n  <w:LsdException Locked="false" Priority="9" QFormat="true" Name="heading 6"/>\r\n  <w:LsdException Locked="false" Priority="9" QFormat="true" Name="heading 7"/>\r\n  <w:LsdException Locked="false" Priority="9" QFormat="true" Name="heading 8"/>\r\n  <w:LsdException Locked="false" Priority="9" QFormat="true" Name="heading 9"/>\r\n  <w:LsdException Locked="false" Priority="39" Name="toc 1"/>\r\n  <w:LsdException Locked="false" Priority="39" Name="toc 2"/>\r\n  <w:LsdException Locked="false" Priority="39" Name="toc 3"/>\r\n  <w:LsdException Locked="false" Priority="39" Name="toc 4"/>\r\n  <w:LsdException Locked="false" Priority="39" Name="toc 5"/>\r\n  <w:LsdException Locked="false" Priority="39" Name="toc 6"/>\r\n  <w:LsdException Locked="false" Priority="39" Name="toc 7"/>\r\n  <w:LsdException Locked="false" Priority="39" Name="toc 8"/>\r\n  <w:LsdException Locked="false" Priority="39" Name="toc 9"/>\r\n  <w:LsdException Locked="false" Priority="35" QFormat="true" Name="caption"/>\r\n  <w:LsdException Locked="false" Priority="10" SemiHidden="false"\r\n   UnhideWhenUsed="false" QFormat="true" Name="Title"/>\r\n  <w:LsdException Locked="false" Priority="1" Name="Default Paragraph Font"/>\r\n  <w:LsdException Locked="false" Priority="11" SemiHidden="false"\r\n   UnhideWhenUsed="false" QFormat="true" Name="Subtitle"/>\r\n  <w:LsdException Locked="false" Priority="22" SemiHidden="false"\r\n   UnhideWhenUsed="false" QFormat="true" Name="Strong"/>\r\n  <w:LsdException Locked="false" Priority="20" SemiHidden="false"\r\n   UnhideWhenUsed="false" QFormat="true" Name="Emphasis"/>\r\n  <w:LsdException Locked="false" Priority="59" SemiHidden="false"\r\n   UnhideWhenUsed="false" Name="Table Grid"/>\r\n  <w:LsdException Locked="false" UnhideWhenUsed="false" Name="Placeholder Text"/>\r\n  <w:LsdException Locked="false" Priority="1" SemiHidden="false"\r\n   UnhideWhenUsed="false" QFormat="true" Name="No Spacing"/>\r\n  <w:LsdException Locked="false" Priority="60" SemiHidden="false"\r\n   UnhideWhenUsed="false" Name="Light Shading"/>\r\n  <w:LsdException Locked="false" Priority="61" SemiHidden="false"\r\n   UnhideWhenUsed="false" Name="Light List"/>\r\n  <w:LsdException Locked="false" Priority="62" SemiHidden="false"\r\n   UnhideWhenUsed="false" Name="Light Grid"/>\r\n  <w:LsdException Locked="false" Priority="63" SemiHidden="false"\r\n   UnhideWhenUsed="false" Name="Medium Shading 1"/>\r\n  <w:LsdException Locked="false" Priority="64" SemiHidden="false"\r\n   UnhideWhenUsed="false" Name="Medium Shading 2"/>\r\n  <w:LsdException Locked="false" Priority="65" SemiHidden="false"\r\n   UnhideWhenUsed="false" Name="Medium List 1"/>\r\n  <w:LsdException Locked="false" Priority="66" SemiHidden="false"\r\n   UnhideWhenUsed="false" Name="Medium List 2"/>\r\n  <w:LsdException Locked="false" Priority="67" SemiHidden="false"\r\n   UnhideWhenUsed="false" Name="Medium Grid 1"/>\r\n  <w:LsdException Locked="false" Priority="68" SemiHidden="false"\r\n   UnhideWhenUsed="false" Name="Medium Grid 2"/>\r\n  <w:LsdException Locked="false" Priority="69" SemiHidden="false"\r\n   UnhideWhenUsed="false" Name="Medium Grid 3"/>\r\n  <w:LsdException Locked="false" Priority="70" SemiHidden="false"\r\n   UnhideWhenUsed="false" Name="Dark List"/>\r\n  <w:LsdException Locked="false" Priority="71" SemiHidden="false"\r\n   UnhideWhenUsed="false" Name="Colorful Shading"/>\r\n  <w:LsdException Locked="false" Priority="72" SemiHidden="false"\r\n   UnhideWhenUsed="false" Name="Colorful List"/>\r\n  <w:LsdException Locked="false" Priority="73" SemiHidden="false"\r\n   UnhideWhenUsed="false" Name="Colorful Grid"/>\r\n  <w:LsdException Locked="false" Priority="60" SemiHidden="false"\r\n   UnhideWhenUsed="false" Name="Light Shading Accent 1"/>\r\n  <w:LsdException Locked="false" Priority="61" SemiHidden="false"\r\n   UnhideWhenUsed="false" Name="Light List Accent 1"/>\r\n  <w:LsdException Locked="false" Priority="62" SemiHidden="false"\r\n   UnhideWhenUsed="false" Name="Light Grid Accent 1"/>\r\n  <w:LsdException Locked="false" Priority="63" SemiHidden="false"\r\n   UnhideWhenUsed="false" Name="Medium Shading 1 Accent 1"/>\r\n  <w:LsdException Locked="false" Priority="64" SemiHidden="false"\r\n   UnhideWhenUsed="false" Name="Medium Shading 2 Accent 1"/>\r\n  <w:LsdException Locked="false" Priority="65" SemiHidden="false"\r\n   UnhideWhenUsed="false" Name="Medium List 1 Accent 1"/>\r\n  <w:LsdException Locked="false" UnhideWhenUsed="false" Name="Revision"/>\r\n  <w:LsdException Locked="false" Priority="34" SemiHidden="false"\r\n   UnhideWhenUsed="false" QFormat="true" Name="List Paragraph"/>\r\n  <w:LsdException Locked="false" Priority="29" SemiHidden="false"\r\n   UnhideWhenUsed="false" QFormat="true" Name="Quote"/>\r\n  <w:LsdException Locked="false" Priority="30" SemiHidden="false"\r\n   UnhideWhenUsed="false" QFormat="true" Name="Intense Quote"/>\r\n  <w:LsdException Locked="false" Priority="66" SemiHidden="false"\r\n   UnhideWhenUsed="false" Name="Medium List 2 Accent 1"/>\r\n  <w:LsdException Locked="false" Priority="67" SemiHidden="false"\r\n   UnhideWhenUsed="false" Name="Medium Grid 1 Accent 1"/>\r\n  <w:LsdException Locked="false" Priority="68" SemiHidden="false"\r\n   UnhideWhenUsed="false" Name="Medium Grid 2 Accent 1"/>\r\n  <w:LsdException Locked="false" Priority="69" SemiHidden="false"\r\n   UnhideWhenUsed="false" Name="Medium Grid 3 Accent 1"/>\r\n  <w:LsdException Locked="false" Priority="70" SemiHidden="false"\r\n   UnhideWhenUsed="false" Name="Dark List Accent 1"/>\r\n  <w:LsdException Locked="false" Priority="71" SemiHidden="false"\r\n   UnhideWhenUsed="false" Name="Colorful Shading Accent 1"/>\r\n  <w:LsdException Locked="false" Priority="72" SemiHidden="false"\r\n   UnhideWhenUsed="false" Name="Colorful List Accent 1"/>\r\n  <w:LsdException Locked="false" Priority="73" SemiHidden="false"\r\n   UnhideWhenUsed="false" Name="Colorful Grid Accent 1"/>\r\n  <w:LsdException Locked="false" Priority="60" SemiHidden="false"\r\n   UnhideWhenUsed="false" Name="Light Shading Accent 2"/>\r\n  <w:LsdException Locked="false" Priority="61" SemiHidden="false"\r\n   UnhideWhenUsed="false" Name="Light List Accent 2"/>\r\n  <w:LsdException Locked="false" Priority="62" SemiHidden="false"\r\n   UnhideWhenUsed="false" Name="Light Grid Accent 2"/>\r\n  <w:LsdException Locked="false" Priority="63" SemiHidden="false"\r\n   UnhideWhenUsed="false" Name="Medium Shading 1 Accent 2"/>\r\n  <w:LsdException Locked="false" Priority="64" SemiHidden="false"\r\n   UnhideWhenUsed="false" Name="Medium Shading 2 Accent 2"/>\r\n  <w:LsdException Locked="false" Priority="65" SemiHidden="false"\r\n   UnhideWhenUsed="false" Name="Medium List 1 Accent 2"/>\r\n  <w:LsdException Locked="false" Priority="66" SemiHidden="false"\r\n   UnhideWhenUsed="false" Name="Medium List 2 Accent 2"/>\r\n  <w:LsdException Locked="false" Priority="67" SemiHidden="false"\r\n   UnhideWhenUsed="false" Name="Medium Grid 1 Accent 2"/>\r\n  <w:LsdException Locked="false" Priority="68" SemiHidden="false"\r\n   UnhideWhenUsed="false" Name="Medium Grid 2 Accent 2"/>\r\n  <w:LsdException Locked="false" Priority="69" SemiHidden="false"\r\n   UnhideWhenUsed="false" Name="Medium Grid 3 Accent 2"/>\r\n  <w:LsdException Locked="false" Priority="70" SemiHidden="false"\r\n   UnhideWhenUsed="false" Name="Dark List Accent 2"/>\r\n  <w:LsdException Locked="false" Priority="71" SemiHidden="false"\r\n   UnhideWhenUsed="false" Name="Colorful Shading Accent 2"/>\r\n  <w:LsdException Locked="false" Priority="72" SemiHidden="false"\r\n   UnhideWhenUsed="false" Name="Colorful List Accent 2"/>\r\n  <w:LsdException Locked="false" Priority="73" SemiHidden="false"\r\n   UnhideWhenUsed="false" Name="Colorful Grid Accent 2"/>\r\n  <w:LsdException Locked="false" Priority="60" SemiHidden="false"\r\n   UnhideWhenUsed="false" Name="Light Shading Accent 3"/>\r\n  <w:LsdException Locked="false" Priority="61" SemiHidden="false"\r\n   UnhideWhenUsed="false" Name="Light List Accent 3"/>\r\n  <w:LsdException Locked="false" Priority="62" SemiHidden="false"\r\n   UnhideWhenUsed="false" Name="Light Grid Accent 3"/>\r\n  <w:LsdException Locked="false" Priority="63" SemiHidden="false"\r\n   UnhideWhenUsed="false" Name="Medium Shading 1 Accent 3"/>\r\n  <w:LsdException Locked="false" Priority="64" SemiHidden="false"\r\n   UnhideWhenUsed="false" Name="Medium Shading 2 Accent 3"/>\r\n  <w:LsdException Locked="false" Priority="65" SemiHidden="false"\r\n   UnhideWhenUsed="false" Name="Medium List 1 Accent 3"/>\r\n  <w:LsdException Locked="false" Priority="66" SemiHidden="false"\r\n   UnhideWhenUsed="false" Name="Medium List 2 Accent 3"/>\r\n  <w:LsdException Locked="false" Priority="67" SemiHidden="false"\r\n   UnhideWhenUsed="false" Name="Medium Grid 1 Accent 3"/>\r\n  <w:LsdException Locked="false" Priority="68" SemiHidden="false"\r\n   UnhideWhenUsed="false" Name="Medium Grid 2 Accent 3"/>\r\n  <w:LsdException Locked="false" Priority="69" SemiHidden="false"\r\n   UnhideWhenUsed="false" Name="Medium Grid 3 Accent 3"/>\r\n  <w:LsdException Locked="false" Priority="70" SemiHidden="false"\r\n   UnhideWhenUsed="false" Name="Dark List Accent 3"/>\r\n  <w:LsdException Locked="false" Priority="71" SemiHidden="false"\r\n   UnhideWhenUsed="false" Name="Colorful Shading Accent 3"/>\r\n  <w:LsdException Locked="false" Priority="72" SemiHidden="false"\r\n   UnhideWhenUsed="false" Name="Colorful List Accent 3"/>\r\n  <w:LsdException Locked="false" Priority="73" SemiHidden="false"\r\n   UnhideWhenUsed="false" Name="Colorful Grid Accent 3"/>\r\n  <w:LsdException Locked="false" Priority="60" SemiHidden="false"\r\n   UnhideWhenUsed="false" Name="Light Shading Accent 4"/>\r\n  <w:LsdException Locked="false" Priority="61" SemiHidden="false"\r\n   UnhideWhenUsed="false" Name="Light List Accent 4"/>\r\n  <w:LsdException Locked="false" Priority="62" SemiHidden="false"\r\n   UnhideWhenUsed="false" Name="Light Grid Accent 4"/>\r\n  <w:LsdException Locked="false" Priority="63" SemiHidden="false"\r\n   UnhideWhenUsed="false" Name="Medium Shading 1 Accent 4"/>\r\n  <w:LsdException Locked="false" Priority="64" SemiHidden="false"\r\n   UnhideWhenUsed="false" Name="Medium Shading 2 Accent 4"/>\r\n  <w:LsdException Locked="false" Priority="65" SemiHidden="false"\r\n   UnhideWhenUsed="false" Name="Medium List 1 Accent 4"/>\r\n  <w:LsdException Locked="false" Priority="66" SemiHidden="false"\r\n   UnhideWhenUsed="false" Name="Medium List 2 Accent 4"/>\r\n  <w:LsdException Locked="false" Priority="67" SemiHidden="false"\r\n   UnhideWhenUsed="false" Name="Medium Grid 1 Accent 4"/>\r\n  <w:LsdException Locked="false" Priority="68" SemiHidden="false"\r\n   UnhideWhenUsed="false" Name="Medium Grid 2 Accent 4"/>\r\n  <w:LsdException Locked="false" Priority="69" SemiHidden="false"\r\n   UnhideWhenUsed="false" Name="Medium Grid 3 Accent 4"/>\r\n  <w:LsdException Locked="false" Priority="70" SemiHidden="false"\r\n   UnhideWhenUsed="false" Name="Dark List Accent 4"/>\r\n  <w:LsdException Locked="false" Priority="71" SemiHidden="false"\r\n   UnhideWhenUsed="false" Name="Colorful Shading Accent 4"/>\r\n  <w:LsdException Locked="false" Priority="72" SemiHidden="false"\r\n   UnhideWhenUsed="false" Name="Colorful List Accent 4"/>\r\n  <w:LsdException Locked="false" Priority="73" SemiHidden="false"\r\n   UnhideWhenUsed="false" Name="Colorful Grid Accent 4"/>\r\n  <w:LsdException Locked="false" Priority="60" SemiHidden="false"\r\n   UnhideWhenUsed="false" Name="Light Shading Accent 5"/>\r\n  <w:LsdException Locked="false" Priority="61" SemiHidden="false"\r\n   UnhideWhenUsed="false" Name="Light List Accent 5"/>\r\n  <w:LsdException Locked="false" Priority="62" SemiHidden="false"\r\n   UnhideWhenUsed="false" Name="Light Grid Accent 5"/>\r\n  <w:LsdException Locked="false" Priority="63" SemiHidden="false"\r\n   UnhideWhenUsed="false" Name="Medium Shading 1 Accent 5"/>\r\n  <w:LsdException Locked="false" Priority="64" SemiHidden="false"\r\n   UnhideWhenUsed="false" Name="Medium Shading 2 Accent 5"/>\r\n  <w:LsdException Locked="false" Priority="65" SemiHidden="false"\r\n   UnhideWhenUsed="false" Name="Medium List 1 Accent 5"/>\r\n  <w:LsdException Locked="false" Priority="66" SemiHidden="false"\r\n   UnhideWhenUsed="false" Name="Medium List 2 Accent 5"/>\r\n  <w:LsdException Locked="false" Priority="67" SemiHidden="false"\r\n   UnhideWhenUsed="false" Name="Medium Grid 1 Accent 5"/>\r\n  <w:LsdException Locked="false" Priority="68" SemiHidden="false"\r\n   UnhideWhenUsed="false" Name="Medium Grid 2 Accent 5"/>\r\n  <w:LsdException Locked="false" Priority="69" SemiHidden="false"\r\n   UnhideWhenUsed="false" Name="Medium Grid 3 Accent 5"/>\r\n  <w:LsdException Locked="false" Priority="70" SemiHidden="false"\r\n   UnhideWhenUsed="false" Name="Dark List Accent 5"/>\r\n  <w:LsdException Locked="false" Priority="71" SemiHidden="false"\r\n   UnhideWhenUsed="false" Name="Colorful Shading Accent 5"/>\r\n  <w:LsdException Locked="false" Priority="72" SemiHidden="false"\r\n   UnhideWhenUsed="false" Name="Colorful List Accent 5"/>\r\n  <w:LsdException Locked="false" Priority="73" SemiHidden="false"\r\n   UnhideWhenUsed="false" Name="Colorful Grid Accent 5"/>\r\n  <w:LsdException Locked="false" Priority="60" SemiHidden="false"\r\n   UnhideWhenUsed="false" Name="Light Shading Accent 6"/>\r\n  <w:LsdException Locked="false" Priority="61" SemiHidden="false"\r\n   UnhideWhenUsed="false" Name="Light List Accent 6"/>\r\n  <w:LsdException Locked="false" Priority="62" SemiHidden="false"\r\n   UnhideWhenUsed="false" Name="Light Grid Accent 6"/>\r\n  <w:LsdException Locked="false" Priority="63" SemiHidden="false"\r\n   UnhideWhenUsed="false" Name="Medium Shading 1 Accent 6"/>\r\n  <w:LsdException Locked="false" Priority="64" SemiHidden="false"\r\n   UnhideWhenUsed="false" Name="Medium Shading 2 Accent 6"/>\r\n  <w:LsdException Locked="false" Priority="65" SemiHidden="false"\r\n   UnhideWhenUsed="false" Name="Medium List 1 Accent 6"/>\r\n  <w:LsdException Locked="false" Priority="66" SemiHidden="false"\r\n   UnhideWhenUsed="false" Name="Medium List 2 Accent 6"/>\r\n  <w:LsdException Locked="false" Priority="67" SemiHidden="false"\r\n   UnhideWhenUsed="false" Name="Medium Grid 1 Accent 6"/>\r\n  <w:LsdException Locked="false" Priority="68" SemiHidden="false"\r\n   UnhideWhenUsed="false" Name="Medium Grid 2 Accent 6"/>\r\n  <w:LsdException Locked="false" Priority="69" SemiHidden="false"\r\n   UnhideWhenUsed="false" Name="Medium Grid 3 Accent 6"/>\r\n  <w:LsdException Locked="false" Priority="70" SemiHidden="false"\r\n   UnhideWhenUsed="false" Name="Dark List Accent 6"/>\r\n  <w:LsdException Locked="false" Priority="71" SemiHidden="false"\r\n   UnhideWhenUsed="false" Name="Colorful Shading Accent 6"/>\r\n  <w:LsdException Locked="false" Priority="72" SemiHidden="false"\r\n   UnhideWhenUsed="false" Name="Colorful List Accent 6"/>\r\n  <w:LsdException Locked="false" Priority="73" SemiHidden="false"\r\n   UnhideWhenUsed="false" Name="Colorful Grid Accent 6"/>\r\n  <w:LsdException Locked="false" Priority="19" SemiHidden="false"\r\n   UnhideWhenUsed="false" QFormat="true" Name="Subtle Emphasis"/>\r\n  <w:LsdException Locked="false" Priority="21" SemiHidden="false"\r\n   UnhideWhenUsed="false" QFormat="true" Name="Intense Emphasis"/>\r\n  <w:LsdException Locked="false" Priority="31" SemiHidden="false"\r\n   UnhideWhenUsed="false" QFormat="true" Name="Subtle Reference"/>\r\n  <w:LsdException Locked="false" Priority="32" SemiHidden="false"\r\n   UnhideWhenUsed="false" QFormat="true" Name="Intense Reference"/>\r\n  <w:LsdException Locked="false" Priority="33" SemiHidden="false"\r\n   UnhideWhenUsed="false" QFormat="true" Name="Book Title"/>\r\n  <w:LsdException Locked="false" Priority="37" Name="Bibliography"/>\r\n  <w:LsdException Locked="false" Priority="39" QFormat="true" Name="TOC Heading"/>\r\n </w:LatentStyles>\r\n</xml><![endif]--><!--[if gte mso 10]>\r\n<style>\r\n /* Style Definitions */\r\n table.MsoNormalTable\r\n	{mso-style-name:"Обычная таблица";\r\n	mso-tstyle-rowband-size:0;\r\n	mso-tstyle-colband-size:0;\r\n	mso-style-noshow:yes;\r\n	mso-style-priority:99;\r\n	mso-style-qformat:yes;\r\n	mso-style-parent:"";\r\n	mso-padding-alt:0cm 5.4pt 0cm 5.4pt;\r\n	mso-para-margin-top:0cm;\r\n	mso-para-margin-right:0cm;\r\n	mso-para-margin-bottom:10.0pt;\r\n	mso-para-margin-left:0cm;\r\n	line-height:115%;\r\n	mso-pagination:widow-orphan;\r\n	font-size:11.0pt;\r\n	font-family:"Calibri","sans-serif";\r\n	mso-ascii-font-family:Calibri;\r\n	mso-ascii-theme-font:minor-latin;\r\n	mso-hansi-font-family:Calibri;\r\n	mso-hansi-theme-font:minor-latin;}\r\n</style>\r\n<![endif]--><br>07.10.12 (5 м 25 д) Первое ОРВИ, стала просыпаться по ночам.<br>11.10.12 (5 м 29 д) Упала с дивана<br><br>5,5 месяцев - сама вышла в интернет<br>'),
(44, 50, '6 месяцев', '', '24.10.12 (6 м 11 д) Сама пьет из бутылочки<br>24.10.12 (6 м 12 д) Сказала "мама" "папа" "баба"<br>31.10.12 (6 м 19 д) Сказала "баобаб"<br>09.11.12 (6 м 28 д) Первая поездка на магазинной тележке в Финляндии в магазине "Disas Fish"<br>'),
(45, 50, '7 месяцев', '', '18.11.12 (7 м 5 д) Первая "поездка" за рулем автомобиля<br>'),
(46, 50, '8 месяцев', '', '25.12.12 (8 м 12 д) Серьезно заболела<br>'),
(47, 50, '9 месяцев', '', 'Достижения: стоит и ходит около дивана, ходит за ручки по квартире<br><br>16.01.13 (9 м 3 д) Кушает грудь исключительно стоя<br>27.01.13 (9 м 14 д) Стирает и развешивает белье вместе с мамой<br>01.02.13 (9 м 19 д) Сама стала хлопать в ладоши<br>08.02.13 (9 м 26 д) Первый раз шла и держалась за одну руку. Прошла от кухни до комнаты<br>09.02.13 (9 м 27 д) Впервые встретилась с двоюродным братом Димой.<br><br>'),
(48, 50, '10 месяцев', '', 'Умения: снимает магниты с холодильника и возвращает их на место, дает по просьбе предметы, если сказать "дай". Пытается строить пиромидку из мягких кубиков. Ищет мишку. <br><br>13.02.13 (10 м 1 д) Прорезались две верхние единички<br>18.02.13 (10 м 6 д) Первые самостоятельные шаги без поддержки<br>20.02.13 (10 м 7 д) Научилась класть синий кружок в сортер, показывает носик и глазки<br>24.02.13 (10 м 11 д) Прошла всю комнату<br>28.02.13 (10 м 15 д) Позвонила с маминого телефона на мамину работу - начальнику, сопела в трубку<br>05.02.13 (10 м 20 д) Первый раза сама вошла домой после прогулки<br>07.03.13 (10 м 22 д) Бегает по квартире, научилась цокоть языком<br>'),
(49, 50, '11 месяцев', '', 'Умения: собирает пирамидку. Помогает родителям стелить кровать, складывать белье, собирать диван. Убирает игрушки и свои вещи в ящик для игрушек, мамину сумку. Положила в свою коробочку с игрушками кусочек хлеба, ложку и палочку от мороженого<br><br>22.03.13 (11 м 9 д) ОПИСАТЬ КАК УБЕГАЛА ОТ МАССАЖИСТА<br>23.03.13 (11 м 10 д) Самостоятельно кушает с ложкой<br>01.04.13 (11 м 20 д) Прорезался 5-й зуб <br>03.04.14 (11 м 21 д) "Открывала" входную дверь ключами<br>'),
(50, 50, '12 месяцев', '', '<br><br>27.04.13 В Финляндии убежала из магазина с игрушечным пиратом не оплатив. Впервые сказала "Мить", гуляла по Финляндии.<br>16.05.13 Сказала "кис-кис-кис"<br>16.06.13 Прорезался 9-й зуб (верхняя правая четверка)<br>18.06.14 Прорезался 10-й зуб (верхняя левая четверка)<br>21.06.13 Сама выбрала шарик в парке, пописала на горшок, открыла тюбик с кремом<br><br>');
INSERT INTO `photoalbums` (`id`, `baby_id`, `title`, `photo`, `description`) VALUES
(51, 50, 'Для книги', '', '<font color="#ff0000"><span style="background-color: rgb(255, 255, 255);"><b>Купание</b></span></font><br>Первый раз меня искупали на ___ сутки.<br>В большой ванне я купалась с ___ месяцев. С кругом с ___ месяцев.<br>Обычно меня купают в __ часов.<br>Мои любимые игрушки: моржи, слон, жираф, душ, ковшик<br><br><span style="background-color: rgb(255, 255, 255);"><font color="#ff0000"><b>Рождение (выписка) </b></font></span><br>Выписали нас с мамой на 5-е сутки.<br><br><font color="#ff0000"><b>Моя семья</b></font><br>Мама - Ольга<br>Папа - Сергей<br>Бабушки - Елена и Тамара<br>Дедушки - Александр и Николай<br>Прабабушки - <span style="background-color: rgb(255, 255, 102);">Клавдия</span> и Руфина<br>Дяди - Виктор и Юрий<br>Тетя - Маша<br>Двоюродный брат - Дмитрий<br><br><font color="#ff0000"><b>Меню</b></font><br>С рождения мама кормила меня своим молочком (до 1 года и __ мес)<br>Мой первый прикорм __.__.2012<br>Мне дали попробовать кабачок<br>Я это съела с удовольствием<br>Я очень люблю: хлеб, макароны, соки, рыбку<br>Мне не очень нравится: творожки, йогурты<br><br><font color="#ff0000"><b>Умения</b></font><br><br><br>');

-- --------------------------------------------------------

--
-- Table structure for table `photoalbum_photos`
--

CREATE TABLE IF NOT EXISTS `photoalbum_photos` (
  `id` int(10) unsigned NOT NULL auto_increment,
  `photoalbum_id` int(10) unsigned NOT NULL,
  `photo` varchar(50) NOT NULL,
  `likes` int(11) NOT NULL default '0',
  PRIMARY KEY  (`id`),
  KEY `photo_photoalbum` (`photoalbum_id`)
) ENGINE=InnoDB  DEFAULT CHARSET=utf8 AUTO_INCREMENT=132 ;

--
-- Dumping data for table `photoalbum_photos`
--

INSERT INTO `photoalbum_photos` (`id`, `photoalbum_id`, `photo`, `likes`) VALUES
(6, 4, '510e422deaf32.jpg', 1),
(7, 4, '510e422e030ee.png', 0),
(8, 14, '5134cda175035.jpg', 0),
(9, 14, '5134cda181386.jpg', 0),
(10, 14, '5134cda1861ac.jpg', 0),
(11, 15, '5137b23ab7d24.jpg', 1),
(12, 15, '5172c8f082860.gif', 1),
(13, 15, '5137b23ac404b.jpg', 0),
(14, 16, '513b399248f35.jpg', 0),
(15, 16, '513b39925291a.jpg', 1),
(16, 18, '516d48010922f.png', 0),
(17, 18, '516d484ed6ba3.png', 0),
(18, 18, '516d484edde80.png', 0),
(19, 17, '516d4b6b863f9.jpg', 0),
(20, 17, '516d9cc192757.jpg', 0),
(21, 19, '5171a22d3b31b.jpg', 0),
(22, 24, '5176f9ff99502.jpg', 1),
(23, 19, '519a17f91b32f.jpg', 0),
(24, 19, '519a17f970a96.jpg', 0),
(25, 25, '51a205bc15362.jpg', 0),
(26, 26, '51ad5fe65495c.jpg', 0),
(27, 26, '51ad5fe66a8ed.jpg', 0),
(28, 26, '51ad5fe66f70e.jpg', 0),
(29, 26, '51ad5fe674565.jpg', 0),
(30, 26, '51ad5fe6808a6.jpg', 0),
(31, 27, '51c35902d597c.jpg', 0),
(32, 27, '51c3596d3ee20.jpg', 0),
(33, 27, '51c3596d46358.jpg', 0),
(34, 27, '51c3596d4af0f.jpg', 0),
(35, 27, '51c3596d4fd54.jpg', 0),
(36, 27, '51c3596d54b4e.jpg', 0),
(37, 27, '51c35caebdf9b.jpg', 0),
(38, 27, '51c35caec54d1.jpg', 0),
(39, 27, '51c35caeca2ed.jpg', 0),
(40, 27, '51c35caecf111.jpg', 0),
(41, 27, '51c35caed3f2e.jpg', 0),
(42, 27, '51c69e8b5d7eb.jpg', 0),
(43, 27, '51c69e8b64d12.jpg', 0),
(44, 24, '51cfd9d4a1616.jpg', 0),
(45, 24, '51cfd9d4a8b4b.jpg', 0),
(46, 28, '51d6aad610efc.jpg', 0),
(47, 28, '51d6aad62959d.jpg', 0),
(48, 28, '51d6aad62e3bb.jpg', 0),
(49, 28, '51d6aad6331db.jpg', 0),
(50, 28, '51d6aad637ffc.jpg', 0),
(51, 28, '51d6ab68df42f.jpg', 0),
(52, 28, '51d6ab68eaa37.jpg', 0),
(53, 29, '51d6ad4085529.jpg', 0),
(54, 29, '51d6ad408cd08.jpg', 0),
(55, 29, '51d6ad4091b27.jpg', 0),
(56, 29, '51d6ad4096949.jpg', 0),
(57, 29, '51d6ad409b768.jpg', 0),
(58, 29, '51d6ad7e9e4c3.jpg', 0),
(59, 29, '51d6ad7eacf20.jpg', 0),
(60, 30, '51d6af0102095.jpg', 0),
(61, 30, '51d6af01095ca.jpg', 0),
(62, 30, '51d6af010def3.jpg', 0),
(63, 30, '51d6af0112d10.jpg', 0),
(64, 30, '51d6af0117b5a.jpg', 0),
(65, 30, '51d6af67e0b19.jpg', 0),
(66, 30, '51d6af67e8066.jpg', 0),
(67, 30, '51d6af67ece64.jpg', 0),
(68, 30, '51d6af67f1c82.jpg', 0),
(69, 31, '51d6b1e3743dc.jpg', 0),
(70, 31, '51d6b1e37b930.jpg', 0),
(71, 31, '51d6b1e380750.jpg', 0),
(72, 31, '51d6b1e3857ba.jpg', 0),
(73, 31, '51d6b1e38a38f.jpg', 0),
(74, 31, '51d6b3652d930.jpg', 0),
(75, 31, '51d6b36534e44.jpg', 0),
(76, 32, '51d6b4bfc23aa.jpg', 0),
(77, 32, '51d6b4bfc98ec.jpg', 0),
(78, 32, '51d6b4bfce70e.jpg', 0),
(79, 32, '51d6b4bfd32da.jpg', 0),
(80, 32, '51d6b4bfd85f0.jpg', 0),
(81, 32, '51d6b5277278b.jpg', 0),
(82, 32, '51d6b527be29e.jpg', 0),
(83, 32, '51d6b527c30c0.jpg', 0),
(84, 32, '51d6b527c7ee1.jpg', 0),
(85, 32, '51d6b527ccd00.jpg', 0),
(86, 33, '51dbeb3805a38.jpg', 0),
(87, 33, '51dbeb3814447.jpg', 0),
(88, 33, '51dbeb381926c.jpg', 0),
(89, 33, '51dbeb381e587.jpg', 0),
(90, 33, '51dbeb3822e9c.jpg', 0),
(91, 33, '51dbebf774cfc.jpg', 0),
(92, 33, '51dbebf77c3a5.jpg', 0),
(93, 33, '51dbebf780ea3.jpg', 0),
(94, 33, '51dbebf785bc8.jpg', 0),
(95, 33, '51dbebf78a7a2.jpg', 0),
(96, 33, '51dbecac4eb05.jpg', 0),
(97, 33, '51dbecac562ae.jpg', 0),
(98, 33, '51dbecac5abd4.jpg', 0),
(99, 33, '51dbecac5fa25.jpg', 0),
(100, 33, '51dbecac64d33.jpg', 0),
(101, 33, '51dbed566319b.jpg', 0),
(102, 33, '51dbed566afbe.jpg', 0),
(103, 33, '51dbed5676a45.jpg', 0),
(104, 33, '51dbed567b864.jpg', 0),
(105, 33, '51dbed5680684.jpg', 0),
(106, 33, '51dbee056452d.jpg', 0),
(107, 33, '51dbee056b7e0.jpg', 0),
(108, 33, '51dbee0570600.jpg', 0),
(109, 33, '51dbee0575421.jpg', 0),
(110, 33, '51dbee057a242.jpg', 0),
(111, 34, '51df1b10d8fd6.jpg', 0),
(112, 34, '51df1b10e0504.jpg', 0),
(113, 34, '51df1b10e5323.jpg', 0),
(114, 34, '51df1b10ea145.jpg', 0),
(115, 34, '51df1b10eef63.jpg', 0),
(116, 34, '51df1b90efe69.jpg', 0),
(117, 34, '51df1b910c8a8.jpg', 0),
(118, 34, '51df1b9116297.jpg', 0),
(119, 34, '51df1b911b331.jpg', 0),
(120, 34, '51df1b912014d.jpg', 0),
(121, 34, '51df1cfda3b77.jpg', 0),
(122, 34, '51df1cfdab0a9.jpg', 0),
(123, 34, '51df1cfdc60d5.jpg', 0),
(124, 34, '51df1cfde3597.jpg', 0),
(125, 34, '51df1cfde83b7.jpg', 0),
(126, 19, '51e059924b9f9.jpg', 0),
(127, 35, '51e15e3a7bb61.jpg', 0),
(128, 35, '51e15e3a8308c.jpg', 0),
(129, 35, '51e15e3a87eac.jpg', 0),
(130, 35, '51e15e3a8ccce.jpg', 0),
(131, 35, '51e15e3a91af0.jpg', 0);

-- --------------------------------------------------------

--
-- Table structure for table `photoalbum_photos_comments`
--

CREATE TABLE IF NOT EXISTS `photoalbum_photos_comments` (
  `id` int(10) unsigned NOT NULL auto_increment,
  `photoalbum_photo_id` int(11) unsigned NOT NULL,
  `user_id` int(11) unsigned NOT NULL,
  `datetime` datetime NOT NULL,
  `text` text NOT NULL,
  PRIMARY KEY  (`id`),
  KEY `comment_photo` (`photoalbum_photo_id`),
  KEY `сomment_user` (`user_id`)
) ENGINE=InnoDB  DEFAULT CHARSET=utf8 AUTO_INCREMENT=36 ;

--
-- Dumping data for table `photoalbum_photos_comments`
--

INSERT INTO `photoalbum_photos_comments` (`id`, `photoalbum_photo_id`, `user_id`, `datetime`, `text`) VALUES
(1, 15, 1, '2013-03-24 17:30:17', '123213'),
(2, 12, 11, '2013-04-20 20:55:56', '12321'),
(3, 11, 11, '2013-04-22 22:26:26', 'Бассейн дельфинарий'),
(4, 14, 11, '2013-05-10 16:19:11', 'прп'),
(5, 26, 33, '2013-06-04 07:53:03', '1 день дома'),
(6, 27, 33, '2013-06-04 07:53:16', '1ое купание'),
(7, 28, 33, '2013-06-04 07:53:46', '1ая прогулка на Тургойке'),
(8, 31, 34, '2013-06-23 11:07:53', 'Пришел с моря, сходил в душ, лежу, песни пою. Эх, хорошо!'),
(9, 32, 34, '2013-06-23 11:09:23', 'Первая улыбка для фото. Бабушка по скайпу поймала!'),
(10, 33, 34, '2013-06-23 19:55:10', 'Самый сладкий сон на сисе конечно!'),
(11, 35, 34, '2013-06-23 19:56:06', 'С 23февраля!'),
(12, 39, 34, '2013-06-23 19:57:07', 'Не пойду гулять! '),
(13, 42, 34, '2013-06-23 19:58:00', 'Курортный роман'),
(14, 43, 34, '2013-06-23 19:58:35', 'Сейчас на море пойдем'),
(15, 46, 12, '2013-07-05 15:18:39', 'Счастливые родители!'),
(16, 47, 12, '2013-07-05 15:18:58', 'Дружная семья!'),
(17, 48, 12, '2013-07-05 15:19:42', 'Папа и сын!Такой гордый!!'),
(18, 49, 12, '2013-07-05 15:20:09', 'Люблю тебя,моё Солнышко!!!!'),
(19, 53, 12, '2013-07-05 15:27:39', 'Одевают...наряжают...'),
(20, 54, 12, '2013-07-05 15:28:09', 'А я даже и с соской красавец!!!'),
(21, 58, 12, '2013-07-05 15:29:10', 'Эх...тяжела работа модели...'),
(22, 60, 12, '2013-07-05 15:35:26', 'Ура!!!!Новый Год!!!'),
(23, 62, 12, '2013-07-05 15:35:46', 'Загадочный....'),
(24, 68, 12, '2013-07-05 15:36:36', 'Всё!!!!Всем спать....'),
(25, 69, 12, '2013-07-05 15:53:11', 'Наша команда.'),
(26, 70, 12, '2013-07-05 15:53:53', 'Крестные: Ольга и Роман'),
(27, 73, 12, '2013-07-05 15:54:28', 'Ой....спасите, помогите....'),
(28, 75, 12, '2013-07-05 15:54:57', 'Фу....все закончилось...'),
(29, 75, 11, '2013-07-05 16:05:17', 'Мама счастлива! и бабушка тоже!'),
(30, 74, 11, '2013-07-05 16:05:36', 'Да, тут без комментариев'),
(31, 71, 11, '2013-07-05 16:06:00', 'Вы тут красивые'),
(32, 70, 11, '2013-07-05 16:06:15', 'Хорошие крестные\r\n'),
(33, 87, 12, '2013-07-09 15:04:39', 'Наша дружная семья!'),
(34, 88, 12, '2013-07-09 15:05:05', 'У деды борода колючая!!!!'),
(35, 126, 11, '2013-07-12 23:36:26', 'Алиса 1 год 11 мес парк Дубки');

-- --------------------------------------------------------

--
-- Table structure for table `users`
--

CREATE TABLE IF NOT EXISTS `users` (
  `id` int(10) unsigned NOT NULL auto_increment,
  `login` varchar(50) NOT NULL,
  `type` tinyint(4) NOT NULL default '1',
  `password` varchar(100) NOT NULL,
  `salt` varchar(255) NOT NULL,
  `email` varchar(255) NOT NULL,
  `birth_date` date default NULL,
  `fio` varchar(255) default NULL,
  `phone` varchar(100) default NULL,
  `register_date` datetime NOT NULL,
  `avatar` varchar(50) default NULL,
  `is_admin` int(1) unsigned NOT NULL default '0',
  `restore_code` varchar(255) NOT NULL,
  PRIMARY KEY  (`id`)
) ENGINE=InnoDB  DEFAULT CHARSET=utf8 AUTO_INCREMENT=59 ;

--
-- Dumping data for table `users`
--

INSERT INTO `users` (`id`, `login`, `type`, `password`, `salt`, `email`, `birth_date`, `fio`, `phone`, `register_date`, `avatar`, `is_admin`, `restore_code`) VALUES
(1, 'ozerich', 0, '$2a$10$FbtLCTC9TKZ6h/OXo/la0eKfFKiwXYoCZvRVHsoQ7UD44wRtWzoum', '$2a$10$FbtLCTC9TKZ6h/OXo/la0f', 'ozicode@gmail.com', '2013-03-29', 'Виталий Озерский', NULL, '2013-02-27 21:56:05', NULL, 1, ''),
(2, 'Anna Budanova', 1, '$2a$10$9JQ0GkMVtChuGYHmQF.Ve.IeQSShYQhWyruiqgdUCJ5r.FOZ7oCd2', '$2a$10$9JQ0GkMVtChuGYHmQF.VeK', 'budanova@gmail.com', '2013-02-01', 'fsddsf', NULL, '2013-02-03 15:59:59', NULL, 1, ''),
(4, 'flower', 1, '$2a$10$siBqnyjLW5DPm.VBnIPsbu3t43KZhGBwQUkA7AfJWeen3nSjnIOvu', '$2a$10$siBqnyjLW5DPm.VBnIPsb7', 'budanchik@yandex.ru', '1982-04-01', 'Иванова Елена Дмитриевна', NULL, '2013-02-07 15:27:02', '51138f865820e.jpg', 0, ''),
(5, 'Papa', 1, '$2a$10$c6P3ioL6zVs958rBRTwskuSEv5cF2wHd0/PxpklRM4fd4X/Sq3kc6', '$2a$10$c6P3ioL6zVs958rBRTwsk0', 'budanovaanna@yandex.ru', '1981-01-01', 'Иванов Иван', NULL, '2013-02-07 15:51:50', '5113955663adc.jpg', 0, ''),
(7, 'anuta.koksharova', 1, '$2a$10$rcu8Ld0nhAGWoLdHkStZieW7LcOzuQHKK/KNaQ.KyUIg4fFx5NiyG', '$2a$10$rcu8Ld0nhAGWoLdHkStZin', 'anuta.koksharova@yandex.ru', '1982-07-08', 'Буданова Анна Юрьевна', NULL, '2013-02-08 23:51:40', '5115574c178c2.jpg', 0, ''),
(8, 'Papa2', 1, '$2a$10$O9lWMAy5xFsrXpzCqKZnOOUYOdVClAa52caqrzz68v28okf5MDb.C', '$2a$10$O9lWMAy5xFsrXpzCqKZnOW', 'dmitry.koksharov@gmail.com', '1981-02-06', 'Кокшаров Дмитрий', NULL, '2013-02-09 00:31:32', '511560a44d4f8.jpg', 0, ''),
(9, 'georg@madeinmed.ru', 1, '$2a$10$Ixj9SQBaTMQjk1j4Dgp86.IPE31ZHzOMK0Hf9dOvrARSd6uaOXJEy', '$2a$10$Ixj9SQBaTMQjk1j4Dgp86M', 'georg@madeinmed.ru', '0000-00-00', 'Стукова Мария', NULL, '2013-02-12 23:27:45', NULL, 0, ''),
(11, 'AnnaLight', 1, '$2a$10$miA7DBN4khODDbxUR0nmCOu448gor330EH9iEXLV/a/8cEG9Mulb.', '$2a$10$miA7DBN4khODDbxUR0nmCV', 'abudanova@gmail.com', '1982-07-08', 'Буданова Анна Юрьевна', NULL, '2013-02-28 00:37:24', '512e6e84e7190.jpg', 1, '0462ed307219fb13b9095f924e639e3b'),
(12, 'Tani2004@inbox.ru', 1, '$2a$10$SxchD93WgmfYzv9vhZhNVeUUshNIFyNKLe5Ou8RnIKNj2qAFWzbOq', '$2a$10$SxchD93WgmfYzv9vhZhNVk', 'Tani2004@inbox.ru', '1978-08-23', 'Волынкина Татьяна Александровна', NULL, '2013-02-28 16:54:32', '512f5388c4725.jpg', 0, ''),
(13, '123456', 1, '$2a$10$SSHFey5CA9wcdUgkvWJww.yUtCsEZRvoD06fk10cYnc1v//qd2Wxe', '$2a$10$SSHFey5CA9wcdUgkvWJwwF', 'ozicoder2@gmail.com', '2013-03-27', 'sdf', NULL, '2013-03-02 00:02:43', '51310963071da.jpg', 0, ''),
(14, 'madeinmed', 0, '$2a$10$AMjqGhPvkqCJawW.2G4yxO1..X6KGDV4KJo0EkYh9bXTehgprj9PO', '$2a$10$AMjqGhPvkqCJawW.2G4yxb', 'info@madeinmed.ru', '0000-00-00', 'Долидзе Жора', NULL, '2013-03-02 14:19:50', NULL, 0, ''),
(15, 'budanova', 0, '$2a$10$JXIohCC9iqOz4tWBWHMoh.IV4sTjwcqamrLSb8RlNhq60E/RHw4q6', '$2a$10$JXIohCC9iqOz4tWBWHMohA', 'budanova51@rambler.ru', '1958-07-05', 'Буданова Г.И.', NULL, '2013-03-10 20:06:44', '513caf94e2dfd.jpg', 0, ''),
(16, 'gala', 1, '$2a$10$jbAFuHPFFtOmsJWgXSw9ouWLfpGexbsMxhe2UAd40CAN8rnlgyCd2', '$2a$10$jbAFuHPFFtOmsJWgXSw9o0', 'galina_kuhland@mail.ru', '1981-07-09', 'Колмогорцева Галина Валентиновна', NULL, '2013-03-10 23:20:12', NULL, 0, 'acb6f9f53136f303c647c643f9c00d39'),
(17, 'nata', 1, '$2a$10$HeYIjhsaJ62GKmGHOmbEqO/VqxoIYT2VTp0LGpCd1EQmq/OLkDXhK', '$2a$10$HeYIjhsaJ62GKmGHOmbEqZ', 'nata_gor@mail.ru', '1983-02-05', 'Гордеева Наталья', NULL, '2013-03-17 13:47:26', NULL, 0, ''),
(18, 'kolmik00', 1, '$2a$10$ZYkoPruG0ErSmCqTpRGA2uJcvx9fskh8phy6gnClsmcavacBz42Xi', '$2a$10$ZYkoPruG0ErSmCqTpRGA20', 'kolmik00@mail.ru', '1984-09-30', 'Колмогорцева Елена Леонидова', NULL, '2013-03-19 15:55:52', NULL, 0, ''),
(19, 'julia', 1, '$2a$10$if0kpuxTwunj.pWDdh2/8e4QDmOjGdJ/Kg4rpZ.Oj/k5mPKd/.sw6', '$2a$10$if0kpuxTwunj.pWDdh2/8k', 'gatchina_u@mail.ru', '1975-04-17', 'Гатчина Юлия Юрьевна', NULL, '2013-03-19 16:38:05', NULL, 0, ''),
(20, 'NadiArt', 1, '$2a$10$gk9fBcnT5txRvprYLwLsGuQ5IwrhTOuKn.Qc7MayAH65fBfNx3Nj2', '$2a$10$gk9fBcnT5txRvprYLwLsGy', 'nadiart@yandex.ru', '1982-08-11', 'Прохорова Надежда', NULL, '2013-03-20 00:14:52', '5148c73c03754.jpg', 0, ''),
(21, 'sinikina', 1, '$2a$10$t75VtGse8q5EO.3fow3JG.TjxjPiRj9DMugkakBTmtnUc6ceFrhqG', '$2a$10$t75VtGse8q5EO.3fow3JGJ', 'sinikina_tatyana@mail.ru', '0000-00-00', 'Жаренков Егор Денисович', NULL, '2013-03-20 17:16:25', NULL, 0, ''),
(22, 'maichun', 1, '$2a$10$mRNN1MMoyK16.PHA0fP.SuQVKdXUyH/bp9qTXvLD7hLOvWXvd/9Lq', '$2a$10$mRNN1MMoyK16.PHA0fP.S0', 'ssa1909@gmail.com', '1986-09-19', 'Саклакова Светлана Александровна', NULL, '2013-04-01 12:15:44', NULL, 0, ''),
(23, 'vecnylka', 1, '$2a$10$D1QYXoUJBc/snSn4t0EnDO5619UW52ElaMnC8lBbRE4/B/zSqzsQa', '$2a$10$D1QYXoUJBc/snSn4t0EnDW', 'vecnylka@mail.ru', '1989-06-26', 'Воробьева Анастасия Сергеевна', NULL, '2013-04-12 13:22:05', NULL, 0, ''),
(24, 'marussya', 1, '$2a$10$0javg.xDU7N19KoGC3RPBunHCzSJkd7SlC9GkSY9NE43kWXd1Cwva', '$2a$10$0javg.xDU7N19KoGC3RPB5', 'marussya@bk.ru', '0000-00-00', 'Десятник Алёна', NULL, '2013-04-12 13:59:05', NULL, 0, ''),
(25, 'Dasha', 1, '$2a$10$baY6W3aJjvHBvjQSw/UpZuwZjwu5Tm69J82xh7VdUsqvHeCh9RcIa', '$2a$10$baY6W3aJjvHBvjQSw/UpZ7', 'ivroshe@mail.ru', '1989-06-26', 'Воробьева Анастасия Сергеевна', NULL, '2013-04-12 14:15:10', NULL, 0, ''),
(26, 'Margo31848', 1, '$2a$10$7mAbAiL3lBK7CfaAPokWD.T74oPYxVOGPCbxPR7Mk2KA8RBej0.He', '$2a$10$7mAbAiL3lBK7CfaAPokWDM', 'margo31848@gmail.com', '2013-04-10', 'Полякова Елена Александровна', NULL, '2013-04-13 07:19:52', NULL, 0, ''),
(27, 'Dmitriy Koksharov', 0, '$2a$10$i2BZ8DnoCDSLTPqfTisY4eq0cv.OSpQktXenLsvWACVkEBax77vfO', '$2a$10$i2BZ8DnoCDSLTPqfTisY4t', 'Drobifmo@yandex.ru', '1981-05-27', 'Koksharov Dmitry', NULL, '2013-04-16 00:46:08', NULL, 0, ''),
(28, 'ozerich', 1, '$2a$10$qG8rfILQbuJ8BIwP6bjlnucYxo.KUfw0OvXPQh3kQlptwRgqhXIvC', '$2a$10$qG8rfILQbuJ8BIwP6bjln2', 'ozicoder@gmail.com', '0000-00-00', 'Виталий Озерский', NULL, '2013-04-16 16:37:18', NULL, 1, 'fc3587be90ee16201349a4a668d56449'),
(29, 'Irina-mamochka', 1, '$2a$10$xweXThJKjZ9jgPKqMTbv4uRYewc9FoP4dyR44dRul9krAfNA99hVK', '$2a$10$xweXThJKjZ9jgPKqMTbv44', 'irin-bombina@yandex.ru', '1981-06-26', 'Бомбина Ирина', NULL, '2013-04-29 19:16:46', NULL, 0, ''),
(30, 'elena.komakina', 1, '$2a$10$mGgcNBJlar.fPHvIetLUNulfHt31ZEndNZFHeLs5t0Cklb0DNcIx2', '$2a$10$mGgcNBJlar.fPHvIetLUN7', 'elena.komakina@yandex.ru', '1986-05-29', 'Комакина Елена Леонидовна', NULL, '2013-05-21 19:58:28', NULL, 0, ''),
(31, 'JennySpace_', 1, '$2a$10$z.Zzm8FqftSnSCb8q3P/y.ZRTB5UOVRmaqZpX4MzD8yNrT7BhtNyq', '$2a$10$z.Zzm8FqftSnSCb8q3P/y/', 'kodie669@gmail.com', '0000-00-00', 'Чваркова Виктория Олеговна', NULL, '2013-05-29 00:40:50', NULL, 0, ''),
(32, 'gala', 1, '$2a$10$CHn4vzX1l9jcdw7PjLGn8Ozkxh.DWuhlUbqNHLYAwI/oPhcftkSDi', '$2a$10$CHn4vzX1l9jcdw7PjLGn8U', 'galina_kuhland@mail.ru', '0000-00-00', 'Колмогорцева Галина Валентиновна', NULL, '2013-06-01 17:29:57', NULL, 0, ''),
(33, 'olfera', 1, '$2a$10$8PhdDezrEm7Zpj0WXpJfNO31cN2tzXFgpUMTXGp439hbPLQ/B98Eq', '$2a$10$8PhdDezrEm7Zpj0WXpJfNd', 'olfera@mail.ru', '1984-01-02', 'петрова ольга', NULL, '2013-06-04 07:25:52', NULL, 0, ''),
(34, 'Bartevsky', 1, '$2a$10$cA1gb2CZTNwAsc903MsiteAD.Af5xDfIBkyr8kXY9N/yk8yIJs4Nm', '$2a$10$cA1gb2CZTNwAsc903Msitj', 'Info@at-home.su', '1981-02-10', 'Tatiana barteva', NULL, '2013-06-10 12:01:00', NULL, 0, ''),
(35, 'kumunda@mail.ru', 1, '$2a$10$2GDajbv/Xe6jBZr6MgcSJucnV.MSLu.p3iW3cH7U9RnoweWImMk2C', '$2a$10$2GDajbv/Xe6jBZr6MgcSJ7', 'kumunda@mail.ru', '1962-03-28', ',бартева', NULL, '2013-06-11 23:22:04', NULL, 0, ''),
(36, 'lulusha', 1, '$2a$10$2YG3Fgcl8j25nrXWN6g1n.S0VQbPz7og7fVucpfaWHeTfluENVa3.', '$2a$10$2YG3Fgcl8j25nrXWN6g1n/', 'ssa1909@gmail.com', '0000-00-00', 'Светлана', NULL, '2013-06-13 11:10:05', '51b9704d17a62.jpg', 0, ''),
(37, 'eugenian', 1, '$2a$10$4eH/b1.Hb.f8tjr4GCcpPeRk50bsNlbZn0HpFIXgfX7FQ6twx7s2m', '$2a$10$4eH/b1.Hb.f8tjr4GCcpPq', 'eugenia.nedovodeeva@gmail.com', '1983-08-05', 'Недоводеева Евгения', NULL, '2013-06-23 10:46:06', NULL, 0, ''),
(38, 'anyuta', 1, '$2a$10$DRvPUUEb0I7DLJYA6nXY6.lsd3ba46vdFvpBxVafUetCC7hPpIzSW', '$2a$10$DRvPUUEb0I7DLJYA6nXY6N', 'anyuta81@yandex.ru', '1981-08-30', 'Оплеснина Анна Васильевна', NULL, '2013-06-27 16:00:38', '51cc2966dd7fa.jpg', 0, ''),
(39, 'varya', 1, '$2a$10$Unfc3LLeX.lcGNWRSQBJGO6WWUwfm3Zz3agkAkoVQ2beSEAZPfEPO', '$2a$10$Unfc3LLeX.lcGNWRSQBJGO', 'buewa@yandex.ru', '1979-07-03', 'Bueva Julia', NULL, '2013-06-30 23:52:02', NULL, 0, ''),
(40, 'katya_k', 1, '$2a$10$5JOWZMGY2pMPK8gmq68mtuw72L07V7iZEWkFNXzUCb8rsjAlBEWxe', '$2a$10$5JOWZMGY2pMPK8gmq68mtw', 'katya.korzeeva@gmail.com', '1982-09-12', 'Корзеева Екатерина Владимировна', NULL, '2013-07-01 12:51:14', '51d1430234566.jpg', 0, ''),
(41, 'vanyokmironov', 1, '$2a$10$jJ0ckGSfeD2HqILnKaFy1eDKVldGQc33zdgBnJgfC.ZvMPHQiFWTm', '$2a$10$jJ0ckGSfeD2HqILnKaFy1f', 'vanyokmironov@yandex.ru', '2013-06-20', 'Миронов Иван Сергеевич', NULL, '2013-07-02 18:54:15', NULL, 0, ''),
(42, 'Maha', 1, '$2a$10$aVSADjP0rVaIuOYRZXZiAO/Lwv9Dbv1NmvYOVSgS4Gq7hiISy8ehu', '$2a$10$aVSADjP0rVaIuOYRZXZiAZ', '5087005@mail.ru', '1979-04-03', 'Бурулева Мария', NULL, '2013-07-06 15:42:26', NULL, 0, ''),
(43, 'Karisha', 1, '$2a$10$/6hBtMsmif8Ua9DYCe/Om.P0nW37VjBMkjDVyH8R.wt1OZfgHTH2C', '$2a$10$/6hBtMsmif8Ua9DYCe/OmC', '1-ok-1@mail.ru', '1993-08-29', 'Кашапова Оксана валерьевна', NULL, '2013-07-12 00:38:53', '51df17ddd12d3.jpg', 0, ''),
(44, 'kisa', 1, '$2a$10$b2Tm6a.FFMAZGFjwGfAtG.TIFvohfCMMG.pVYeNlmx932/4.mI32a', '$2a$10$b2Tm6a.FFMAZGFjwGfAtGI', 'aliasharipova@mail.ru', '0000-00-00', 'Муратова А.Р.', NULL, '2013-07-12 00:40:39', NULL, 0, ''),
(45, 'mesticia', 1, '$2a$10$0pU4IlXrC6RcIhvv1Gy2Z.RKyQ34XGW/vb30aX5xxyEwHLj3V4aP.', '$2a$10$0pU4IlXrC6RcIhvv1Gy2ZK', 'nzm87@mail.ru', '1987-08-21', 'Салимова Зульфия Маркезовна', NULL, '2013-07-12 00:40:44', '51df184c09cf3.jpg', 0, ''),
(46, 'anka18d', 1, '$2a$10$4cGohJq5WY.9As4zAqSYM.9U8kJ3l/K.XEAyGXd5vRPtyMyAdDxtK', '$2a$10$4cGohJq5WY.9As4zAqSYMK', 'anka18d@mail.ru', '1991-09-16', 'Жигалова Анна Валериевна', NULL, '2013-07-12 14:36:15', NULL, 0, ''),
(47, 'Ася', 1, '$2a$10$sOToWs3H.kyogYco6lbqJelBUiDVBJcMmITa4rXRYaQpVWyVVCtAG', '$2a$10$sOToWs3H.kyogYco6lbqJe', 'lubtseva@gmail.com', '1993-11-02', 'Любцева Анастасия Викторовна', NULL, '2013-07-12 14:37:22', '51dfdc622652d.jpg', 0, ''),
(48, 'NATALI', 1, '$2a$10$G45jAIdVUbW1mlegpULa3eBwUdaFuWdQU3cIBZtUICKOCOlfXrBYG', '$2a$10$G45jAIdVUbW1mlegpULa3l', 'nat-shetko@mail.ru', '1990-04-24', 'САВКИНА НАТАЛЬЯ ВАСИЛЬЕВНА', NULL, '2013-07-12 14:39:25', '51dfdcdd382a4.jpg', 0, ''),
(49, 'Ivla', 1, '$2a$10$QWNQJd9krmHTvtWN7.ZZWuBmZ1uL52QjFPIj2cx63Ak0nOIR1Voba', '$2a$10$QWNQJd9krmHTvtWN7.ZZW1', 'ivla@inbox.ru', '1985-01-23', 'Иванова Ирина Викторовна', NULL, '2013-07-12 14:56:11', NULL, 0, ''),
(50, 'Medulla', 1, '$2a$10$DRd1Pry9eu5nSAeiUllkSeR97nBX9Q/8Txm6gBOy58Yjcco7KElnC', '$2a$10$DRd1Pry9eu5nSAeiUllkSm', 'medull@mail.ru', '1989-11-09', 'Крюкова Олеся Ривалевна', NULL, '2013-07-12 15:26:48', NULL, 0, ''),
(51, 'Alina', 1, '$2a$10$a0veJx9pIWmWY/DZIwS1xekcWewZqB7AB6Q8jr2u.xxsWUse8cIou', '$2a$10$a0veJx9pIWmWY/DZIwS1xt', 'zvermama@gmail.com', '1985-04-22', 'Сучкова Алина Юрьевна', NULL, '2013-07-12 15:50:39', '51dfed8f6b5ed.jpg', 0, ''),
(52, 'masyaka', 1, '$2a$10$zY3NMIPLb0FxNFe2ALrn8uQht48oWqpJo2D.abgrb4bWTXfeQmSyC', '$2a$10$zY3NMIPLb0FxNFe2ALrn8v', 'masyaka.91@mail.ru', '1991-11-24', 'Смирнова Наталья Олеговна', NULL, '2013-07-12 16:04:47', '51dff0df29fa2.jpg', 0, ''),
(53, 'katushka', 1, '$2a$10$FzP6W9Q9b88VNlM25jxPdeplyNW/pR/tEpPqp8ReJ799FDM0LiLyq', '$2a$10$FzP6W9Q9b88VNlM25jxPdp', 'katunja_15@mail.ru', '1991-04-25', 'Мингалева Екатерина Владимировна', NULL, '2013-07-12 16:53:43', '51dffc57c7b92.jpg', 0, ''),
(54, 'mawe4ka88', 1, '$2a$10$VYVpp3.ibrxwU66bh0Y3ve5RwkrZd5VIeYJmKGy1aB0bOslpKGGFW', '$2a$10$VYVpp3.ibrxwU66bh0Y3ve', 'mawe4ka88@mail.ru', '1988-09-08', 'Гречишкина Мария Леонидовна', NULL, '2013-07-12 17:05:08', '51dfff044a8a6.jpg', 0, ''),
(55, 'Olgu', 1, '$2a$10$fgH1OJioRI8HYTU9cJ0jFevq8Wi.jOj5KewXxHtWGAvWYfw5FLZ3K', '$2a$10$fgH1OJioRI8HYTU9cJ0jFo', 'olga.guven@gmail.com', '1983-05-09', 'Гювен Ольга Тимоеевна', NULL, '2013-07-12 17:47:10', NULL, 0, 'e21e02966d87f419a4904a2e165ccb41'),
(56, 'slavochka92', 1, '$2a$10$4ZCT0X/5CwI8mPv/lWfdNO7UoOPQe44yUZUFvg87.JabRilkjsOlC', '$2a$10$4ZCT0X/5CwI8mPv/lWfdNZ', 'slavochka92@mail.ru', '1992-02-05', 'Poghosyan V', NULL, '2013-07-12 19:15:20', NULL, 0, ''),
(57, 'sim-liubasha', 1, '$2a$10$xy4jZS0svr39TvgjP45vYegj4ZWVjJzOgEydZ1erf3IyZxXwSIzpm', '$2a$10$xy4jZS0svr39TvgjP45vYj', 'sim-liubasha@rambler.ru', '1986-11-15', 'Давыдова Любовь Николаевна', NULL, '2013-07-12 20:48:54', '51e03376c79ec.jpg', 0, ''),
(58, 'kettin', 1, '$2a$10$HVB.3HBq1PicerL4iGDUN.bUkcocVXpCNbJx6K6A.onYTWNxL/BOi', '$2a$10$HVB.3HBq1PicerL4iGDUNL', 'kettin@inbox.ru', '0000-00-00', 'Соколик Ольга', NULL, '2013-07-13 16:33:46', NULL, 0, '');

-- --------------------------------------------------------

--
-- Table structure for table `user_invites`
--

CREATE TABLE IF NOT EXISTS `user_invites` (
  `id` int(10) unsigned NOT NULL auto_increment,
  `baby_id` int(10) unsigned NOT NULL,
  `email` varchar(255) NOT NULL,
  `hash` varchar(15) NOT NULL,
  PRIMARY KEY  (`id`)
) ENGINE=InnoDB  DEFAULT CHARSET=utf8 AUTO_INCREMENT=10 ;

--
-- Dumping data for table `user_invites`
--

INSERT INTO `user_invites` (`id`, `baby_id`, `email`, `hash`) VALUES
(1, 4, 'ozicoder3@gmail.com', '510e7aff72a09'),
(3, 4, 'ozicoder5@gmail.com', '510e7b951d85d'),
(4, 4, 'ozicoder6@gmail.com', '510e7bac02755'),
(5, 4, 'ozicode33r@gmail.com', '510e7bd988dc3'),
(6, 3, 'ozicoder@gmail.com', '510e86e7853bf'),
(8, 10, 'kseniya.molodkina@gmail.com', '51693db03cdd9'),
(9, 29, 'Toster08@rambler.ru', '51c35bb7c65ca');

-- --------------------------------------------------------

--
-- Table structure for table `user_likes`
--

CREATE TABLE IF NOT EXISTS `user_likes` (
  `id` int(10) unsigned NOT NULL auto_increment,
  `user_id` int(10) unsigned NOT NULL,
  `photoalbum_photo_id` int(10) unsigned NOT NULL,
  PRIMARY KEY  (`id`),
  KEY `user_like` (`user_id`),
  KEY `photo_like` (`photoalbum_photo_id`)
) ENGINE=InnoDB  DEFAULT CHARSET=utf8 AUTO_INCREMENT=5 ;

--
-- Dumping data for table `user_likes`
--

INSERT INTO `user_likes` (`id`, `user_id`, `photoalbum_photo_id`) VALUES
(1, 1, 15),
(2, 11, 12),
(3, 11, 22),
(4, 11, 11);

-- --------------------------------------------------------

--
-- Table structure for table `user_open_babies`
--

CREATE TABLE IF NOT EXISTS `user_open_babies` (
  `id` int(10) unsigned NOT NULL auto_increment,
  `user_id` int(10) unsigned NOT NULL,
  `baby_id` int(10) unsigned NOT NULL,
  PRIMARY KEY  (`id`),
  KEY `user_babies_user` (`user_id`),
  KEY `user_babies_baby` (`baby_id`)
) ENGINE=InnoDB  DEFAULT CHARSET=utf8 AUTO_INCREMENT=17 ;

--
-- Dumping data for table `user_open_babies`
--

INSERT INTO `user_open_babies` (`id`, `user_id`, `baby_id`) VALUES
(4, 1, 4),
(5, 1, 5),
(6, 1, 6),
(7, 6, 6),
(8, 5, 8),
(9, 14, 9),
(10, 6, 10),
(11, 12, 10),
(12, 11, 11),
(13, 15, 10),
(14, 27, 10),
(15, 35, 29),
(16, 40, 10);

/*!40101 SET CHARACTER_SET_CLIENT=@OLD_CHARACTER_SET_CLIENT */;
/*!40101 SET CHARACTER_SET_RESULTS=@OLD_CHARACTER_SET_RESULTS */;
/*!40101 SET COLLATION_CONNECTION=@OLD_COLLATION_CONNECTION */;
